V1,V2,V3,V4,V5,V6,V7,V8,V9,V10,id,ConsentForm,Consent,PixStatement,BlkHairWom1Pic,Durag1_1,Durag1_2,Durag1_3,Durag1_4,BlkHairMan1Pic,CrnRow1_1,CrnRow1_2,CrnRow1_3,CrnRow1_4,BFPaintMan1Pic,BFPaint1_1,BFPaint1_2,BFPaint1_3,BFPaint1_4,BFPaintWom1Pic,BFPaintWom1_1,BFPaintWom1_2,BFPaintWom1_3,BFPaintWom1_4,BFGroup1Pic,BFGroup1_1,BFGroup1_2,BFGroup1_3,BFGroup1_4,BFNoPaintMan1Pic,BFNoPaintMan1_1,BFNoPaintMan1_2,BFNoPaintMan1_3,BFNoPaintMan1_4,BFNoPaintWom1Pic,BFNoPaintWom1_1,BFNoPaintWom1_2,BFNoPaintWom1_3,BFNoPaintWom1_4,NtvHairWom1Pic,HairWom2_1,HairWom2_2,HairWom2_3,HairWom2_4,NtvHairMan1Pic,HairMan2_1,HairMan2_2,HairMan2_3,HairMan2_4,RFPaintMan1Pic,RFPaintGroup2_1,RFPaintGroup2_2,RFPaintGroup2_3,RFPaintGroup2_4,RFPaintWom1Pic,RFPaintWom1_1,RFPaintWom1_2,RFPaintWom1_3,RFPaintWom1_4,RFGroup1Pic,RFPaintGroup1_1,RFPaintGroup1_2,RFPaintGroup1_3,RFPaintGroup1_4,RFNoPaintMan1Pic,RFNoPaintMan1_1,RFNoPaintMan1_2,RFNoPaintMan1_3,RFNoPaintMan1_4,RFNoPaintWom1Pic,RFNoPaintWom1_1,RFNoPaintWom1_2,RFNoPaintWom1_3,RFNoPaintWom1_4,CultAppBlkSet1_1,CultAppBlkSet1_2,CultAppBlkSet1_3,CultAppBlkSet1_4,CultAppBlkSet1_5,CultAppBlkSet1_6,CultAppBlkSet1_7,BlackfaceSet1_1,BlackfaceSet1_2,BlackfaceSet1_3,BlackfaceSet1_4,BlackfaceSet1_5,BlackfaceSet1_6,BlackfaceSet1_7,CultAppNtvSet1_1,CultAppNtvSet1_2,CultAppNtvSet1_3,CultAppNtvSet1_4,CultAppNtvSet1_5,CultAppNtvSet1_6,CultAppNtvSet1_7,Q131_1,Q131_2,Q131_3,Q131_4,Q131_5,Q131_6,Q131_7,TimerBlkRaceMini_1,TimerBlkRaceMini_2,TimerBlkRaceMini_3,TimerBlkRaceMini_4,RacismMini_1,RacismMini_2,RacismMini_3,RacismMini_4,RacismMini_5,RacismMini_6,RacismMini_7,RacismMini_8,RacismMini_9,RacismMini_10,TimerBlkDisp_1,TimerBlkDisp_2,TimerBlkDisp_3,TimerBlkDisp_4,Description,BlkDisp_1,BlkDisp_2,BlkDisp_3,BlkDisp_4,BlkDisp_5,BlkDisp_6,BlkDisp_7,BlkDisp_8,BlkDisp_9,BlkDisp_10,TimerNtvRaceMini_1,TimerNtvRaceMini_2,TimerNtvRaceMini_3,TimerNtvRaceMini_4,RacismMini_1,RacismMini_2,RacismMini_3,RacismMini_4,RacismMini_5,RacismMini_6,RacismMini_7,RacismMini_8,RacismMini_9,RacismMini_10,TimerNtvDisp_1,TimerNtvDisp_2,TimerNtvDisp_3,TimerNtvDisp_4,Description,NativeDisp_1,NativeDisp_2,NativeDisp_3,NativeDisp_4,NativeDisp_5,NativeDisp_6,NativeDisp_7,NativeDisp_8,NativeDisp_9,NativeDisp_10,BlkHairWom2Pic,NtvHairWom2_1,NtvHairWom2_2,NtvHairWom2_3,NtvHairWom2_4,BlkHairMan2Pic,BlkHairMan2_1,BlkHairMan2_2,BlkHairMan2_3,BlkHairMan2_4,BFPaintMan2Pic,BFPaintMan2_1,BFPaintMan2_2,BFPaintMan2_3,BFPaintMan2_4,BFPaintWom2Pic,BFPaintWom2_1,BFPaintWom2_2,BFPaintWom2_3,BFPaintWom2_4,BFGroup2Pic,BFGroup2_1,BFGroup2_2,BFGroup2_3,BFGroup2_4,BFNoPaintMan2Pic,BFNoPaintMan2_1,BFNoPaintMan2_2,BFNoPaintMan2_3,BFNoPaintMan2_4,BFNoPaintWom2Pic,BFNoPaintWom2_1,BFNoPaintWom2_2,BFNoPaintWom2_3,BFNoPaintWom2_4,NtvHairWom2Pic,NtvHairWom2_1,NtvHairWom2_2,NtvHairWom2_3,NtvHairWom2_4,NtvHairMan2Pic,NtvHairMan2_1,NtvHairMan2_2,NtvHairMan2_3,NtvHairMan2_4,RFPaintMan2Pic,RFPaintMan2_1,RFPaintMan2_2,RFPaintMan2_3,RFPaintMan2_4,RFPaintWom2Pic,RFPaintWom2_1,RFPaintWom2_2,RFPaintWom2_3,RFPaintWom2_4,RFGroup2Pic,RFGroup2_1,RFGroup2_2,RFGroup2_3,RFGroup2_4,RFNoPaintMan2Pic,RFNoPaintMan2_1,RFNoPaintMan2_2,RFNoPaintMan2_3,RFNoPaintMan2_4,RFNoPaintWom2Pic,RFNoPaintWom2_1,RFNoPaintWom2_2,RFNoPaintWom2_3,RFNoPaintWom2_4,CultAppBlkSet2_1,CultAppBlkSet2_2,CultAppBlkSet2_3,CultAppBlkSet2_4,CultAppBlkSet2_5,CultAppBlkSet2_6,CultAppBlkSet2_7,BlackfaceSet2_1,BlackfaceSet2_2,BlackfaceSet2_3,BlackfaceSet2_4,BlackfaceSet2_5,BlackfaceSet2_6,BlackfaceSet2_7,CultAppNtvSet2_1
ResponseID,ResponseSet,Name,ExternalDataReference,EmailAddress,IPAddress,Status,StartDate,EndDate,Finished,id,Please read over this consent form carefully and answer the item below.   RESEARCH SUBJECT INFORM...,"After carefully reading the consent form, please select one of the following options:",You will be presented with pictures. Please reflect on each picture and answer the survey questio...,Nasty gal black nightwalker vegan leather du rag product 1 24652544 2 439021066 normal,Below are a number of statements regarding the previous picture. Please read each one and indicat...-It is acceptable for this person to dress like this.,Below are a number of statements regarding the previous picture. Please read each one and indicat...-Observers will react negatively towards this person for dressing like this.,Below are a number of statements regarding the previous picture. Please read each one and indicat...-This way of dressing is a positive representation of African American culture.,Below are a number of statements regarding the previous picture. Please read each one and indicat...-There are negative consequences for African Americans when people dress like this.,Guy hair cut with braids,Below are a number of statements regarding the previous picture. Please read each one and indicat...-It is acceptable for this person to dress like this.,Below are a number of statements regarding the previous picture. Please read each one and indicat...-Observers will react negatively towards this person for dressing like this.,Below are a number of statements regarding the previous picture. Please read each one and indicat...-This way of dressing is a positive representation of African American culture.,Below are a number of statements regarding the previous picture. Please read each one and indicat...-There are negative consequences for African Americans when people dress like this.,Capture2,Below are a number of statements regarding the previous picture. Please read each one and indicat...-It is acceptable for this person to dress like this.,Below are a number of statements regarding the previous picture. Please read each one and indicat...-Observers will react negatively towards this person for dressing like this.,Below are a number of statements regarding the previous picture. Please read each one and indicat...-This way of dressing is a positive representation of African American culture.,Below are a number of statements regarding the previous picture. Please read each one and indicat...-There are negative consequences for African Americans when people dress like this.,2dda601500000578 3292451 image a 12 1445982105538,Below are a number of statements regarding the previous picture. Please read each one and indicat...-It is acceptable for this person to dress like this.,Below are a number of statements regarding the previous picture. Please read each one and indicat...-Observers will react negatively towards this person for dressing like this.,Below are a number of statements regarding the previous picture. Please read each one and indicat...-This way of dressing is a positive representation of African American culture.,Below are a number of statements regarding the previous picture. Please read each one and indicat...-There are negative consequences for African Americans when people dress like this.,Unnamed,Below are a number of statements regarding the previous picture. Please read each one and indicat...-It is acceptable for these people to dress like this.,Below are a number of statements regarding the previous picture. Please read each one and indicat...-Observers will react negatively towards these people for dressing like this.,Below are a number of statements regarding the previous picture. Please read each one and indicat...-This way of dressing is a positive representation of African American culture.,Below are a number of statements regarding the previous picture. Please read each one and indicat...-There are negative consequences for African Americans when people dress like this.,Pasted image 0,Below are a number of statements regarding the previous picture. Please read each one and indicat...-It is acceptable for this person to dress like this.,Below are a number of statements regarding the previous picture. Please read each one and indicat...-Observers will react negatively towards this person for dressing like this.,Below are a number of statements regarding the previous picture. Please read each one and indicat...-This way of dressing is a positive representation of African American culture.,Below are a number of statements regarding the previous picture. Please read each one and indicat...-There are negative consequences for African Americans when people dress like this.,Pasted image 0 1,Below are a number of statements regarding the previous picture. Please read each one and indicat...-It is acceptable for this person to dress like this.,Below are a number of statements regarding the previous picture. Please read each one and indicat...-Observers will react negatively towards this person for dressing like this.,Below are a number of statements regarding the previous picture. Please read each one and indicat...-This way of dressing is a positive representation of African American culture.,Below are a number of statements regarding the previous picture. Please read each one and indicat...-There are negative consequences for African Americans when people dress like this.,78f1f255035dafc7625d1bcd83de9548 1,Below are a number of statements regarding the previous picture. Please read each one and indicat...-It is acceptable for this person to dress like this.,Below are a number of statements regarding the previous picture. Please read each one and indicat...-Observers will react negatively towards this person for dressing like this.,Below are a number of statements regarding the previous picture. Please read each one and indicat...-This way of dressing is a positive representation of Native American culture.,Below are a number of statements regarding the previous picture. Please read each one and indicat...-There are negative consequences for Native Americans when people dress like this.,Tempsnip,Below are a number of statements regarding the previous picture. Please read each one and indicat...-It is acceptable for this person to dress like this.,Below are a number of statements regarding the previous picture. Please read each one and indicat...-Observers will react negatively towards this person for dressing like this.,Below are a number of statements regarding the previous picture. Please read each one and indicat...-This way of dressing is a positive representation of Native American culture.,Below are a number of statements regarding the previous picture. Please read each one and indicat...-There are negative consequences for Native Americans when people dress like this.,Pasted image 0 3,Below are a number of statements regarding the previous picture. Please read each one and indicat...-It is acceptable for this person to dress like this.,Below are a number of statements regarding the previous picture. Please read each one and indicat...-Observers will react negatively towards this person for dressing like this.,Below are a number of statements regarding the previous picture. Please read each one and indicat...-This way of dressing is a positive representation of Native American culture.,Below are a number of statements regarding the previous picture. Please read each one and indicat...-There are negative consequences for Native Americans when people dress like this.,Pasted image 0 4,Below are a number of statements regarding the previous picture. Please read each one and indicat...-It is acceptable for this person to dress like this.,Below are a number of statements regarding the previous picture. Please read each one and indicat...-Observers will react negatively towards this person for dressing like this.,Below are a number of statements regarding the previous picture. Please read each one and indicat...-This way of dressing is a positive representation of Native American culture.,Below are a number of statements regarding the previous picture. Please read each one and indicat...-There are negative consequences for Native Americans when people dress like this.,Pasted image 0 2,Below are a number of statements regarding the previous picture. Please read each one and indicat...-It is acceptable for these people to dress like this.,Below are a number of statements regarding the previous picture. Please read each one and indicat...-Observers will react negatively towards these people for dressing like this.,Below are a number of statements regarding the previous picture. Please read each one and indicat...-This way of dressing is a positive representation of Native American culture.,Below are a number of statements regarding the previous picture. Please read each one and indicat...-There are negative consequences for Native Americans when people dress like this.,Mens native wig,Below are a number of statements regarding the previous picture. Please read each one and indicat...-It is acceptable for this person to dress like this.,Below are a number of statements regarding the previous picture. Please read each one and indicat...-Observers will react negatively towards this person for dressing like this.,Below are a number of statements regarding the previous picture. Please read each one and indicat...-This way of dressing is a positive representation of Native American culture.,Below are a number of statements regarding the previous picture. Please read each one and indicat...-There are negative consequences for Native Americans when people dress like this.,Pasted image 0 6,Below are a number of statements regarding the previous picture. Please read each one and indicat...-It is acceptable for this person to dress like this.,Below are a number of statements regarding the previous picture. Please read each one and indicat...-Observers will react negatively towards this person for dressing like this.,Below are a number of statements regarding the previous picture. Please read each one and indicat...-This way of dressing is a positive representation of Native American culture.,Below are a number of statements regarding the previous picture. Please read each one and indicat...-There are negative consequences for Native Americans when people dress like this.,Select the following pictures that display an instance of cultural appropriation. -,Select the following pictures that display an instance of cultural appropriation. -,Select the following pictures that display an instance of cultural appropriation. -,Select the following pictures that display an instance of cultural appropriation. -,Select the following pictures that display an instance of cultural appropriation. -,Select the following pictures that display an instance of cultural appropriation. -,Select the following pictures that display an instance of cultural appropriation. -,Select the following pictures that display an instance of blackface. -,Select the following pictures that display an instance of blackface. -,Select the following pictures that display an instance of blackface. -,Select the following pictures that display an instance of blackface. -,Select the following pictures that display an instance of blackface. -,Select the following pictures that display an instance of blackface. -,Select the following pictures that display an instance of blackface. -,Select the following pictures that display an instance of cultural appropriation. -,Select the following pictures that display an instance of cultural appropriation. -,Select the following pictures that display an instance of cultural appropriation. -,Select the following pictures that display an instance of cultural appropriation. -,Select the following pictures that display an instance of cultural appropriation. -,Select the following pictures that display an instance of cultural appropriation. -,Select the following pictures that display an instance of cultural appropriation. -,Select the following pictures that display an instance of redface. -,Select the following pictures that display an instance of redface. -,Select the following pictures that display an instance of redface. -,Select the following pictures that display an instance of redface. -,Select the following pictures that display an instance of redface. -,Select the following pictures that display an instance of redface. -,Select the following pictures that display an instance of redface. -,Timing-First Click,Timing-Last Click,Timing-Page Submit,Timing-Click Count,Please indicate the extent to which you agree or disagree with the following statements:-Hard working African Americans have an equal chance to become rich as hard working White Americans.,"Please indicate the extent to which you agree or disagree with the following statements:-Overall, African Americans receive lower quality social services (such as type of health care or day care) than Whites in the US.",Please indicate the extent to which you agree or disagree with the following statements:-African Americans have an equal chance of success as White Americans.,Please indicate the extent to which you agree or disagree with the following statements:-African Americans do not have the same opportunities as White people in the U.S.,Please indicate the extent to which you agree or disagree with the following statements:-White people in the U.S. have certain advantages over African Americans because of the color of their skin.,Please indicate the extent to which you agree or disagree with the following statements:-White people are more to blame for racial discrimination in the U.S. than African Americans.,Please indicate the extent to which you agree or disagree with the following statements:-African Americans have a higher chance of getting sent to prison than White Americans.,Please indicate the extent to which you agree or disagree with the following statements:-Racism against African Americans is a thing of the past.,Please indicate the extent to which you agree or disagree with the following statements:-Being of the African American race basically doesn't matter in society anymore.,Please indicate the extent to which you agree or disagree with the following statements:-Racial discrimination against African Americans is not common in society.,Timing-First Click,Timing-Last Click,Timing-Page Submit,Timing-Click Count,In the next series of questions we are interested in your judgments about the existence and size...,Please think about Black/African Americans and White Americans. -Rate of Voter Registration,Please think about Black/African Americans and White Americans. -Average Level of Education,Please think about Black/African Americans and White Americans. -Incarceration Rate,Please think about Black/African Americans and White Americans. -Rate of representation in Managerial Positions within companies,Please think about Black/African Americans and White Americans. -Average Wealth,Please think about Black/African Americans and White Americans. -Maternal Death Rate,Please think about Black/African Americans and White Americans. -Infant Mortality Rate,Please think about Black/African Americans and White Americans. -Rate of representation in the media,Please think about Black/African Americans and White Americans. -Political Representation,Please think about Black/African Americans and White Americans. -Rate of access to quality health care services,Timing-First Click,Timing-Last Click,Timing-Page Submit,Timing-Click Count,Please indicate the extent to which you agree or disagree with the following statements:-Hard working Native Americans have an equal chance to become rich as hard working White Americans.,"Please indicate the extent to which you agree or disagree with the following statements:-Overall, Native Americans receive lower quality social services (such as type of health care or day care) than Whites in the US.",Please indicate the extent to which you agree or disagree with the following statements:-Native Americans have an equal chance of success as White Americans.,Please indicate the extent to which you agree or disagree with the following statements:-Native Americans do not have the same opportunities as White people in the U.S.,Please indicate the extent to which you agree or disagree with the following statements:-White people in the U.S. have certain advantages over Native Americans because of the color of their skin.,Please indicate the extent to which you agree or disagree with the following statements:-White people are more to blame for racial discrimination in the U.S. than Native Americans.,Please indicate the extent to which you agree or disagree with the following statements:-Native Americans have a higher chance of getting sent to prison than White Americans.,Please indicate the extent to which you agree or disagree with the following statements:-Racism against Native Americans is a thing of the past.,Please indicate the extent to which you agree or disagree with the following statements:-Being of the Native American race basically doesn't matter in society anymore.,Please indicate the extent to which you agree or disagree with the following statements:-Racial discrimination against Native Americans is not common in society.,Timing-First Click,Timing-Last Click,Timing-Page Submit,Timing-Click Count,In the next series of questions we are interested in your judgments about the existence and size...,Please think about American Indian/Native Americans and White Americans. -Rate of Voter Registration,Please think about American Indian/Native Americans and White Americans. -Average Level of Education,Please think about American Indian/Native Americans and White Americans. -Incarceration Rate,Please think about American Indian/Native Americans and White Americans. -Rate of representation in Managerial Positions within companies,Please think about American Indian/Native Americans and White Americans. -Average Wealth,Please think about American Indian/Native Americans and White Americans. -Maternal Death Rate,Please think about American Indian/Native Americans and White Americans. -Infant Mortality Rate,Please think about American Indian/Native Americans and White Americans. -Rate of representation in the media,Please think about American Indian/Native Americans and White Americans. -Political Representation,Please think about American Indian/Native Americans and White Americans. -Rate of access to quality health care services,Unnamed 5,Below are a number of statements regarding the previous picture. Please read each one and indicat...-It is acceptable for this person to dress like this.,Below are a number of statements regarding the previous picture. Please read each one and indicat...-Observers will react negatively towards this person for dressing like this.,Below are a number of statements regarding the previous picture. Please read each one and indicat...-This way of dressing is a positive representation of African American culture.,Below are a number of statements regarding the previous picture. Please read each one and indicat...-There are negative consequences for African Americans when people dress like this.,Unnamed 10,Below are a number of statements regarding the previous picture. Please read each one and indicat...-It is acceptable for this person to dress like this.,Below are a number of statements regarding the previous picture. Please read each one and indicat...-Observers will react negatively towards this person for dressing like this.,Below are a number of statements regarding the previous picture. Please read each one and indicat...-This way of dressing is a positive representation of African American culture.,Below are a number of statements regarding the previous picture. Please read each one and indicat...-There are negative consequences for African Americans when people dress like this.,Unnamed 3,Below are a number of statements regarding the previous picture. Please read each one and indicat...-It is acceptable for this person to dress like this.,Below are a number of statements regarding the previous picture. Please read each one and indicat...-Observers will react negatively towards this person for dressing like this.,Below are a number of statements regarding the previous picture. Please read each one and indicat...-This way of dressing is a positive representation of African American culture.,Below are a number of statements regarding the previous picture. Please read each one and indicat...-There are negative consequences for African Americans when people dress like this.,White woman dressing up for Halloween,Below are a number of statements regarding the previous picture. Please read each one and indicat...-It is acceptable for this person to dress like this.,Below are a number of statements regarding the previous picture. Please read each one and indicat...-Observers will react negatively towards this person for dressing like this.,Below are a number of statements regarding the previous picture. Please read each one and indicat...-This way of dressing is a positive representation of African American culture.,Below are a number of statements regarding the previous picture. Please read each one and indicat...-There are negative consequences for African Americans when people dress like this.,Bf2b,Below are a number of statements regarding the previous picture. Please read each one and indicat...-It is acceptable for these people to dress like this.,Below are a number of statements regarding the previous picture. Please read each one and indicat...-Observers will react negatively towards these people for dressing like this.,Below are a number of statements regarding the previous picture. Please read each one and indicat...-This way of dressing is a positive representation of African American culture.,Below are a number of statements regarding the previous picture. Please read each one and indicat...-There are negative consequences for African Americans when people dress like this.,Unnamed 2,Below are a number of statements regarding the previous picture. Please read each one and indicat...-It is acceptable for this person to dress like this.,Below are a number of statements regarding the previous picture. Please read each one and indicat...-Observers will react negatively towards this person for dressing like this.,Below are a number of statements regarding the previous picture. Please read each one and indicat...-This way of dressing is a positive representation of African American culture.,Below are a number of statements regarding the previous picture. Please read each one and indicat...-There are negative consequences for African Americans when people dress like this.,Unnamed 1,Below are a number of statements regarding the previous picture. Please read each one and indicat...-It is acceptable for this person to dress like this.,Below are a number of statements regarding the previous picture. Please read each one and indicat...-Observers will react negatively towards this person for dressing like this.,Below are a number of statements regarding the previous picture. Please read each one and indicat...-This way of dressing is a positive representation of African American culture.,Below are a number of statements regarding the previous picture. Please read each one and indicat...-There are negative consequences for African Americans when people dress like this.,Unnamed 11,Below are a number of statements regarding the previous picture. Please read each one and indicat...-It is acceptable for this person to dress like this.,Below are a number of statements regarding the previous picture. Please read each one and indicat...-Observers will react negatively towards this person for dressing like this.,Below are a number of statements regarding the previous picture. Please read each one and indicat...-This way of dressing is a positive representation of Native American culture.,Below are a number of statements regarding the previous picture. Please read each one and indicat...-There are negative consequences for Native Americans when people dress like this.,Unnamed 4,Below are a number of statements regarding the previous picture. Please read each one and indicat...-It is acceptable for this person to dress like this.,Below are a number of statements regarding the previous picture. Please read each one and indicat...-Observers will react negatively towards this person for dressing like this.,Below are a number of statements regarding the previous picture. Please read each one and indicat...-This way of dressing is a positive representation of Native American culture.,Below are a number of statements regarding the previous picture. Please read each one and indicat...-There are negative consequences for Native Americans when people dress like this.,Unnamed 8,Below are a number of statements regarding the previous picture. Please read each one and indicat...-It is acceptable for this person to dress like this.,Below are a number of statements regarding the previous picture. Please read each one and indicat...-Observers will react negatively towards this person for dressing like this.,Below are a number of statements regarding the previous picture. Please read each one and indicat...-This way of dressing is a positive representation of Native American culture.,Below are a number of statements regarding the previous picture. Please read each one and indicat...-There are negative consequences for Native Americans when people dress like this.,Unnamed 7,Below are a number of statements regarding the previous picture. Please read each one and indicat...-It is acceptable for this person to dress like this.,Below are a number of statements regarding the previous picture. Please read each one and indicat...-Observers will react negatively towards this person for dressing like this.,Below are a number of statements regarding the previous picture. Please read each one and indicat...-This way of dressing is a positive representation of Native American culture.,Below are a number of statements regarding the previous picture. Please read each one and indicat...-There are negative consequences for Native Americans when people dress like this.,Unnamed 9,Below are a number of statements regarding the previous picture. Please read each one and indicat...-It is acceptable for these people to dress like this.,Below are a number of statements regarding the previous picture. Please read each one and indicat...-Observers will react negatively towards these people for dressing like this.,Below are a number of statements regarding the previous picture. Please read each one and indicat...-This way of dressing is a positive representation of Native American culture.,Below are a number of statements regarding the previous picture. Please read each one and indicat...-There are negative consequences for Native Americans when people dress like this.,White person wearing Native American headdress. ,Below are a number of statements regarding the previous picture. Please read each one and indicat...-It is acceptable for this person to dress like this.,Below are a number of statements regarding the previous picture. Please read each one and indicat...-Observers will react negatively towards this person for dressing like this.,Below are a number of statements regarding the previous picture. Please read each one and indicat...-This way of dressing is a positive representation of Native American culture.,Below are a number of statements regarding the previous picture. Please read each one and indicat...-There are negative consequences for Native Americans when people dress like this.,White person dressing up as a Native American person. ,Below are a number of statements regarding the previous picture. Please read each one and indicat...-It is acceptable for this person to dress like this.,Below are a number of statements regarding the previous picture. Please read each one and indicat...-Observers will react negatively towards this person for dressing like this.,Below are a number of statements regarding the previous picture. Please read each one and indicat...-This way of dressing is a positive representation of Native American culture.,Below are a number of statements regarding the previous picture. Please read each one and indicat...-There are negative consequences for Native Americans when people dress like this.,Select the following pictures that display an instance of cultural appropriation. -,Select the following pictures that display an instance of cultural appropriation. -,Select the following pictures that display an instance of cultural appropriation. -,Select the following pictures that display an instance of cultural appropriation. -,Select the following pictures that display an instance of cultural appropriation. -,Select the following pictures that display an instance of cultural appropriation. -,Select the following pictures that display an instance of cultural appropriation. -,Select the following pictures that display an instance of blackface. -,Select the following pictures that display an instance of blackface. -,Select the following pictures that display an instance of blackface. -,Select the following pictures that display an instance of blackface. -,Select the following pictures that display an instance of blackface. -,Select the following pictures that display an instance of blackface. -,Select the following pictures that display an instance of blackface. -,Select the following pictures that display an instance of cultural appropriation. -
R_QmMezzi9dqpl8MV,Default Response Set,Anonymous,,,205.175.107.98,0,2018-11-12 13:55:20,2018-11-12 14:08:44,1,72642,1,1,1,,,,,,,,,,,,,,,,,,,,,,,,,,,,,,,,,,,,,,,,,,,,,,,,,,,,,,,,,,,,,,,,,,,,,,,,,,,,,,,,,,,,,,,,,,,,,,,,,,,9.555,54.02,54.767,18,6,4,4,4,4,6,5,3,3,3,13.764,111.848,112.619,26,1,44,30,61,40,42,56,59,50,50,39,1.603,48.295,49.696,23,5,5,3,4,4,6,5,3,3,3,7.307,29.041,30.511,12,1,45,34,60,42,38,58,59,43,43,39,1,6,3,4,4,1,6,2,3,2,1,6,3,4,3,1,6,3,4,3,1,6,5,4,5,1,6,3,4,3,1,6,3,4,4,1,6,5,3,5,1,6,4,4,4,1,6,5,4,5,1,6,5,3,5,1,13,12,10,12,1,6,5,3,5,1,6,4,4,4,1,1,,,,,,,,1,1,1,1,,
R_2XhA4ijLEsg7u6E,Default Response Set,Anonymous,,,205.175.107.158,0,2018-11-12 14:00:21,2018-11-12 14:21:28,1,72110,1,1,1,1,2,6,5,3,1,2,2,4,4,1,5,3,4,4,1,3,5,3,4,1,2,6,5,5,1,4,3,4,4,1,2,6,5,2,1,2,6,3,4,1,6,3,2,3,1,2,5,2,5,1,3,3,3,3,1,3,3,3,3,1,2,6,2,3,1,2,6,2,4,1,,1,1,1,,1,,,1,1,1,,,1,,,,,1,1,1,,,,,1,1,3.69,51.617,52.356,12,3,5,5,5,5,4,6,2,2,2,21.228,92.663,93.973,11,1,35,20,75,25,20,70,75,35,25,25,6.831,68.682,69.567,11,3,5,3,5,5,6,3,3,2,3,4.875,44.569,45.586,13,1,15,15,40,10,10,70,70,20,20,25,,,,,,,,,,,,,,,,,,,,,,,,,,,,,,,,,,,,,,,,,,,,,,,,,,,,,,,,,,,,,,,,,,,,,,,,,,,,,,,,,,,,,
R_2zzQpuAD3wDZfDA,Default Response Set,Anonymous,,,205.175.97.123,0,2018-11-12 13:53:40,2018-11-12 14:21:55,1,72099,1,1,1,,,,,,,,,,,,,,,,,,,,,,,,,,,,,,,,,,,,,,,,,,,,,,,,,,,,,,,,,,,,,,,,,,,,,,,,,,,,,,,,,,,,,,,,,,,,,,,,,,,56.282,216.961,219.15,12,3,6,2,6,7,4,4,5,3,3,19.196,62.457,64.397,14,1,25,25,59,35,40,59,64,35,14,38,22.046,114.412,119.159,11,3,5,2,7,7,4,4,5,2,3,27.201,149.659,150.664,15,1,30,18,63,19,42,58,62,34,5,35,1,7,2,6,3,1,7,2,5,3,1,6,4,2,6,1,6,3,4,4,1,4,5,3,5,1,5,5,4,4,1,6,2,5,4,1,7,1,6,4,1,6,5,3,4,1,7,3,4,4,1,7,2,6,4,1,13,10,11,11,1,6,2,4,4,1,7,1,7,4,1,1,,,,,1,,,,1,,,1,1
R_uwtVvaDTxOt65K9,Default Response Set,Anonymous,,,24.16.37.122,0,2018-11-12 14:04:31,2018-11-12 14:29:21,1,72929,1,1,1,1,7,6,4,1,1,7,6,4,1,1,1,7,1,7,1,1,7,1,7,1,1,7,1,7,1,7,3,4,1,1,7,3,4,1,1,5,6,3,4,1,7,1,4,1,1,1,6,1,7,1,1,7,1,7,1,2,6,3,4,1,3,5,5,5,1,5,3,4,4,,,1,1,1,,,,,1,1,1,,,,,1,1,1,1,1,,,1,1,1,,,2.858,61.92,62.427,61,5,4,6,3,6,5,5,3,3,2,2.005,46.004,46.243,25,1,50,41,50,42,41,50,51,50,35,50,4.903,67.896,68.8,13,5,3,5,3,5,6,4,5,3,3,19.367,135.413,136.718,51,1,23,50,32,20,27,51,50,11,16,50,,,,,,,,,,,,,,,,,,,,,,,,,,,,,,,,,,,,,,,,,,,,,,,,,,,,,,,,,,,,,,,,,,,,,,,,,,,,,,,,,,,,,
R_0NG3cUL1Il4J5eN,Default Response Set,Anonymous,,,205.175.107.78,0,2018-11-12 14:45:30,2018-11-12 14:56:11,1,72476,1,1,1,1,6,4,2,4,1,7,4,4,4,1,1,7,2,6,1,1,6,2,6,1,1,6,2,6,1,6,3,4,4,1,3,5,3,4,1,2,6,4,3,1,4,5,3,4,1,1,7,1,4,1,3,2,4,4,1,4,2,4,4,1,1,7,4,4,1,1,7,4,4,,,,,,,,,,1,1,,,,1,,1,1,1,1,1,,,1,,,,,3.724,35.675,36.049,13,1,5,1,6,7,7,7,1,1,1,6.112,64.098,64.872,26,1,30,20,33,10,15,30,35,65,40,40,2.463,38.192,38.54,17,2,6,2,6,6,7,5,2,2,2,3.808,54.353,54.696,35,1,35,30,50,25,10,50,50,0,5,50,,,,,,,,,,,,,,,,,,,,,,,,,,,,,,,,,,,,,,,,,,,,,,,,,,,,,,,,,,,,,,,,,,,,,,,,,,,,,,,,,,,,,
R_3MxQTIMmJEfAP1c,Default Response Set,Anonymous,,,205.175.107.149,0,2018-11-12 15:21:41,2018-11-12 15:40:22,1,71622,1,1,1,1,7,5,4,2,1,7,6,4,3,1,7,5,4,2,1,7,5,4,2,1,7,5,4,2,1,7,5,4,2,1,7,5,4,2,1,7,5,4,2,1,7,5,4,2,1,4,7,1,6,1,4,5,4,5,1,6,5,4,5,1,7,5,4,4,1,6,5,4,4,,,,1,1,,,,,1,1,1,,,,,,,1,1,1,,,1,1,1,,,5.928,54.428,55.581,10,5,5,5,5,5,4,5,5,4,4,65.9,121.797,125.118,15,1,50,40,40,30,35,35,35,40,30,35,5.188,37.575,40.715,10,5,5,5,5,5,4,4,4,4,4,7.743,55.699,58.223,14,1,40,30,50,30,35,45,45,25,25,35,,,,,,,,,,,,,,,,,,,,,,,,,,,,,,,,,,,,,,,,,,,,,,,,,,,,,,,,,,,,,,,,,,,,,,,,,,,,,,,,,,,,,
R_2f9A1Bt0yu9ADgn,Default Response Set,Anonymous,,,205.175.107.179,0,2018-11-12 16:49:06,2018-11-12 17:05:14,1,72153,1,1,1,,,,,,,,,,,,,,,,,,,,,,,,,,,,,,,,,,,,,,,,,,,,,,,,,,,,,,,,,,,,,,,,,,,,,,,,,,,,,,,,,,,,,,,,,,,,,,,,,,,6.806,90.779,91.803,12,7,6,7,5,7,6,5,2,1,1,17.877,109.505,110.91,13,1,35,20,90,7,20,70,60,50,5,30,13.665,57.235,60.331,12,7,5,3,5,6,5,5,3,2,2,4.967,49.005,49.873,14,1,40,15,60,10,5,60,60,10,5,40,1,7,1,2,1,1,7,1,2,1,1,7,5,3,5,1,7,5,3,5,1,7,6,2,6,1,7,5,3,5,1,6,5,3,5,1,7,2,5,1,1,6,5,5,4,1,6,5,3,5,1,6,2,5,3,1,13,12,10,11,1,5,3,5,4,1,6,2,5,2,1,1,,,,,1,,,,,,1,,1
R_AGtyzFgyBKBqalz,Default Response Set,Anonymous,,,205.175.107.250,0,2018-11-12 18:28:45,2018-11-12 19:04:05,1,71251,1,1,1,1,6,4,4,4,1,6,5,5,5,1,6,5,5,6,1,2,6,2,6,1,5,3,3,3,1,6,5,2,5,1,4,5,4,2,1,5,5,5,2,1,6,3,4,2,1,5,5,3,3,1,3,6,3,5,1,2,6,2,6,1,2,6,2,6,1,2,6,2,6,,1,1,,,1,,,,,1,,,,1,1,,,,,,,,1,1,1,,,8.239,55.82,56.362,13,3,5,3,5,7,5,7,2,3,3,7.966,93.606,94.677,13,1,24,14,75,20,9,67,77,5,18,13,7.422,51.521,53.9,15,2,6,3,5,7,7,5,3,3,5,3.697,28.435,29.377,14,1,18,26,64,12,8,60,69,3,5,24,,,,,,,,,,,,,,,,,,,,,,,,,,,,,,,,,,,,,,,,,,,,,,,,,,,,,,,,,,,,,,,,,,,,,,,,,,,,,,,,,,,,,
R_31ucQAmwpeZStiy,Default Response Set,Anonymous,,,64.187.166.54,0,2018-11-12 16:52:10,2018-11-12 19:34:26,1,72411,1,1,1,1,7,5,2,2,1,3,6,5,4,1,2,7,2,6,1,7,6,2,2,1,3,6,2,5,1,2,2,4,3,1,3,2,2,4,1,6,2,4,1,1,7,6,2,5,1,6,1,2,6,1,1,2,4,4,1,6,6,4,4,1,5,4,4,4,1,6,2,6,2,,,,,,,,,,1,1,,,,1,,,,,,1,,,1,1,1,,,157.344,490.792,492.227,10,2,6,2,6,7,6,7,1,1,1,6277.129,6306.781,6308.827,11,1,36,22,51,14,18,67,85,51,27,13,12.687,56.038,57.204,10,3,5,3,3,5,2,5,3,2,2,29.372,68.912,68.919,10,1,,26,,34,23,67,61,70,36,42,,,,,,,,,,,,,,,,,,,,,,,,,,,,,,,,,,,,,,,,,,,,,,,,,,,,,,,,,,,,,,,,,,,,,,,,,,,,,,,,,,,,,
R_1OYWZhOzRJOQ6pT,Default Response Set,Anonymous,,,73.140.233.19,0,2018-11-12 21:26:36,2018-11-12 21:35:44,1,71394,1,1,1,,,,,,,,,,,,,,,,,,,,,,,,,,,,,,,,,,,,,,,,,,,,,,,,,,,,,,,,,,,,,,,,,,,,,,,,,,,,,,,,,,,,,,,,,,,,,,,,,,,4.867,29.375,30.943,10,1,7,1,7,7,7,7,1,1,1,19.366,45.475,46.781,10,1,0,51,76,0,29,85,83,0,40,20,3.069,25.602,26.803,11,1,7,1,7,7,7,5,1,1,1,3.542,29.133,30.192,14,1,0,43,66,0,35,49,57,0,0,31,1,5,3,1,7,1,1,5,1,7,1,1,7,1,6,1,1,7,1,7,1,1,7,1,2,1,2,2,2,5,1,1,4,1,7,1,1,3,1,7,1,3,1,1,7,1,1,7,1,5,1,1,3,1,7,1,8,10,8,13,1,1,3,1,7,1,1,3,1,7,1,1,1,1,1,1,1,,,1,1,1,,,1
R_1riYBpi3GH0xqEr,Default Response Set,Anonymous,,,75.172.188.24,0,2018-11-12 22:26:56,2018-11-12 22:40:57,1,72462,1,1,1,1,7,2,6,2,1,7,1,5,1,1,7,2,3,4,1,6,3,3,5,1,7,2,3,5,1,7,1,6,2,1,7,1,6,2,1,7,1,7,2,1,7,1,5,3,1,7,2,3,5,1,7,1,6,2,1,7,1,6,2,1,7,1,6,2,1,7,1,6,2,1,1,,,,1,1,,,1,,,,1,1,1,,1,1,1,1,,,,1,1,1,1,9.244,63.211,64.081,11,5,5,4,4,5,6,5,5,6,4,27.272,90.023,90.301,12,1,40,30,49,35,30,49,48,40,20,35,6.448,47.068,48.1,13,5,4,4,5,5,5,3,5,5,5,7.189,47.708,49.517,10,1,30,34,40,24,25,45,40,20,20,45,,,,,,,,,,,,,,,,,,,,,,,,,,,,,,,,,,,,,,,,,,,,,,,,,,,,,,,,,,,,,,,,,,,,,,,,,,,,,,,,,,,,,
R_30k7nIyNZO5ajum,Default Response Set,Anonymous,,,24.22.183.177,0,2018-11-12 22:43:42,2018-11-12 23:08:41,1,72847,1,1,1,1,6,2,4,4,1,5,3,6,3,1,3,4,3,5,1,5,4,4,4,1,5,3,5,3,1,2,4,4,2,1,2,4,4,2,1,5,2,6,2,1,4,3,6,3,1,2,6,2,6,1,3,4,6,3,1,5,2,6,2,1,4,3,6,2,1,4,3,6,2,1,1,1,,,1,1,,,,1,1,,,,1,,1,1,1,1,,,1,,,,,11.981,108.621,114.356,11,6,5,2,3,4,1,6,2,3,3,28.881,226.317,227.73,17,1,50,70,30,60,70,40,30,50,55,50,15.608,95.526,96.587,14,6,2,6,3,2,2,1,6,3,5,6.443,55.797,57.17,14,1,50,60,60,70,60,50,50,80,80,50,,,,,,,,,,,,,,,,,,,,,,,,,,,,,,,,,,,,,,,,,,,,,,,,,,,,,,,,,,,,,,,,,,,,,,,,,,,,,,,,,,,,,
R_23f7FIUmxQZKCGp,Default Response Set,Anonymous,,,205.175.107.121,0,2018-11-12 22:56:18,2018-11-12 23:11:03,1,72590,1,1,1,,,,,,,,,,,,,,,,,,,,,,,,,,,,,,,,,,,,,,,,,,,,,,,,,,,,,,,,,,,,,,,,,,,,,,,,,,,,,,,,,,,,,,,,,,,,,,,,,,,6.954,68.226,70.683,14,3,5,3,5,3,5,6,5,1,5,5.497,68.081,69.313,11,1,24,24,60,9,32,63,63,34,20,35,6.211,67.866,71.22,11,2,6,2,6,3,5,4,5,4,5,24.176,125.577,126.835,19,1,25,25,65,13,13,66,67,13,4,14,1,7,1,4,1,1,7,1,4,1,1,1,7,1,6,1,1,7,1,7,1,1,7,1,7,1,6,3,4,3,1,5,3,5,3,1,5,5,4,3,1,6,2,4,2,1,1,7,4,1,1,6,5,4,3,1,10,12,11,10,1,6,2,5,3,1,6,3,6,3,,,1,1,1,,,,,1,1,1,,,
R_2YM6iMSoNNeRv73,Default Response Set,Anonymous,,,73.221.23.165,0,2018-11-12 23:36:24,2018-11-12 23:57:45,1,71360,1,1,1,,,,,,,,,,,,,,,,,,,,,,,,,,,,,,,,,,,,,,,,,,,,,,,,,,,,,,,,,,,,,,,,,,,,,,,,,,,,,,,,,,,,,,,,,,,,,,,,,,,6.345,65.871,67.186,22,3,6,2,5,6,6,7,1,2,2,7.042,47.154,48.22,13,1,35,25,95,26,20,65,68,45,26,31,6.669,72.576,76.102,20,2,6,1,7,6,5,6,1,2,2,27.057,60.444,61.673,12,1,20,8,95,5,6,77,83,25,6,6,1,6,1,4,2,1,5,3,4,3,1,5,5,2,6,1,7,2,5,2,1,4,2,3,5,1,2,3,2,5,1,5,2,3,4,1,6,2,5,2,1,5,2,5,2,1,2,3,2,5,1,4,2,2,5,1,10,9,8,12,1,2,5,2,5,1,3,2,4,4,,1,,,,,,,,,,,1,1,1
R_1QaozUxA4aAZv5X,Default Response Set,Anonymous,,,205.175.107.137,0,2018-11-13 00:27:40,2018-11-13 00:47:27,1,72295,1,1,1,1,6,5,2,1,1,7,2,1,1,1,6,2,5,2,1,2,6,1,2,1,2,6,1,5,1,6,2,4,2,1,6,4,5,2,1,5,4,5,1,1,6,3,6,3,1,3,6,4,6,1,6,2,6,2,1,6,2,6,2,1,6,4,5,4,1,6,2,4,4,,,1,1,1,,,,,1,1,1,,,,,,,,,,1,,,,,,,13.498,73.293,75.169,35,7,6,7,6,7,5,6,2,1,2,1.154,161.064,161.743,43,1,8,35,70,41,37,50,57,14,20,37,6.426,84.615,85.387,26,7,6,7,6,6,4,2,3,2,4,1.27,75.991,77.461,31,1,35,50,50,25,37,57,57,11,6,40,,,,,,,,,,,,,,,,,,,,,,,,,,,,,,,,,,,,,,,,,,,,,,,,,,,,,,,,,,,,,,,,,,,,,,,,,,,,,,,,,,,,,
R_1oCroDEjWUulqoh,Default Response Set,Anonymous,,,205.175.107.84,0,2018-11-13 00:45:22,2018-11-13 01:00:09,1,72011,1,1,1,,,,,,,,,,,,,,,,,,,,,,,,,,,,,,,,,,,,,,,,,,,,,,,,,,,,,,,,,,,,,,,,,,,,,,,,,,,,,,,,,,,,,,,,,,,,,,,,,,,17.054,50.119,51.685,12,7,7,7,1,1,4,4,4,4,4,6.873,79.281,80.522,15,1,100,25,51,51,40,51,51,51,30,51,9.157,107.906,112.542,11,7,1,7,1,1,4,4,4,4,4,19.742,110.946,111.801,18,1,51,20,51,75,75,51,51,25,0,51,1,6,2,4,2,1,6,2,4,2,1,5,2,4,2,1,6,2,4,2,1,6,2,4,2,1,6,2,4,2,1,6,2,4,2,1,6,2,4,2,1,6,2,4,2,1,6,2,4,2,1,6,2,4,2,1,13,9,11,9,1,6,3,4,2,1,6,2,4,2,,,,,,,,,,1,1,1,,,
R_2rMkT92MpLUKZi3,Default Response Set,Anonymous,,,205.175.107.105,0,2018-11-13 00:53:58,2018-11-13 01:07:30,1,72386,1,1,1,,,,,,,,,,,,,,,,,,,,,,,,,,,,,,,,,,,,,,,,,,,,,,,,,,,,,,,,,,,,,,,,,,,,,,,,,,,,,,,,,,,,,,,,,,,,,,,,,,,5.195,33.567,34.907,11,3,6,2,5,7,6,7,1,1,1,5.956,55.154,55.909,12,1,10,5,90,20,10,70,70,35,25,25,5.769,40.712,42.293,12,3,6,2,6,7,6,7,1,1,2,75.257,129.298,130.162,11,1,0,0,100,2,0,100,100,1,1,10,1,5,2,3,2,1,5,3,4,3,1,4,3,4,4,1,6,2,5,3,1,1,7,1,7,1,2,6,2,5,1,2,5,3,5,1,1,6,1,6,1,5,5,2,4,1,2,6,1,6,1,1,7,1,7,1,8,14,8,14,1,2,6,3,5,1,2,6,2,6,,,,1,1,1,,,,,1,1,,,1
R_3COExe1tolotI3Q,Default Response Set,Anonymous,,,205.175.107.205,0,2018-11-13 01:36:30,2018-11-13 01:56:19,1,72463,1,1,1,1,7,2,4,2,1,7,3,4,3,1,7,4,4,5,1,4,6,2,6,1,6,4,3,2,1,6,4,3,4,1,6,2,3,2,1,7,5,7,2,1,7,6,4,2,1,7,5,4,2,1,7,4,6,2,1,7,2,6,4,1,7,2,6,4,1,7,2,6,4,1,,,1,1,1,1,,,,1,1,,,1,,1,,,,,,,1,1,1,,,4.828,71.756,72.517,46,2,6,2,5,3,6,6,2,2,3,5.378,50.798,51.692,26,1,40,35,70,30,30,51,51,50,50,50,0.814,47.971,48.763,30,2,6,2,5,6,4,5,3,3,4,50.48,165.309,166.447,37,1,40,30,40,40,41,50,50,40,30,50,,,,,,,,,,,,,,,,,,,,,,,,,,,,,,,,,,,,,,,,,,,,,,,,,,,,,,,,,,,,,,,,,,,,,,,,,,,,,,,,,,,,,
R_2QGJz47OWecCSMc,Default Response Set,Anonymous,,,205.175.107.198,0,2018-11-13 01:58:53,2018-11-13 02:07:53,1,72139,1,1,1,1,6,2,4,4,1,6,2,4,4,1,6,2,4,4,1,6,2,4,4,1,6,2,4,4,1,6,2,4,4,1,6,2,4,4,1,6,2,4,4,1,6,2,4,4,1,6,2,4,4,1,6,2,4,4,1,6,2,4,4,1,6,2,4,4,1,6,2,4,4,,,,1,,,,,,1,,,,,,,,1,,,,,,1,,,,,7.102,54.574,55.556,14,7,5,7,3,5,6,4,3,2,2,18.188,68.656,70.038,13,1,35,26,80,35,35,60,39,38,35,40,9.022,36.868,37.524,11,6,5,6,3,2,6,5,2,2,2,9.68,27.357,28.3,12,1,37,36,68,36,36,65,35,34,33,34,,,,,,,,,,,,,,,,,,,,,,,,,,,,,,,,,,,,,,,,,,,,,,,,,,,,,,,,,,,,,,,,,,,,,,,,,,,,,,,,,,,,,
R_2v6yD2tag97ywN4,Default Response Set,Anonymous,,,73.140.84.219,0,2018-11-13 03:11:14,2018-11-13 03:35:21,1,71528,1,1,1,,,,,,,,,,,,,,,,,,,,,,,,,,,,,,,,,,,,,,,,,,,,,,,,,,,,,,,,,,,,,,,,,,,,,,,,,,,,,,,,,,,,,,,,,,,,,,,,,,,12.476,101.798,102.797,11,1,7,1,7,7,5,7,1,1,1,42.105,101.834,108.944,17,1,0,0,100,0,0,45,45,0,0,0,10.889,77.446,82.485,14,1,7,1,7,7,4,4,4,1,3,7.741,63.852,65.896,12,1,0,0,50,0,0,56,56,0,0,0,1,3,7,1,1,1,7,1,4,1,1,6,2,3,1,1,7,1,7,1,1,6,2,4,1,1,2,1,1,2,1,2,1,2,2,1,2,1,2,2,1,7,4,2,1,1,1,1,1,4,1,1,7,1,2,1,8,9,8,9,1,2,4,2,2,1,2,4,2,2,1,,,,,1,1,,,1,1,1,,,1
R_3HAGcFuIL0YF9vL,Default Response Set,Anonymous,,,205.175.107.249,0,2018-11-13 03:54:56,2018-11-13 04:12:24,1,72068,1,1,1,,,,,,,,,,,,,,,,,,,,,,,,,,,,,,,,,,,,,,,,,,,,,,,,,,,,,,,,,,,,,,,,,,,,,,,,,,,,,,,,,,,,,,,,,,,,,,,,,,,9.976,50.24,52.378,10,1,7,1,7,7,7,7,1,1,1,18.318,71.411,72.915,18,1,35,22,98,6,7,61,61,21,10,14,6.731,62.971,64.518,12,1,7,1,7,7,7,7,1,1,2,30.701,89.982,93.35,16,1,19,19,90,4,3,72,69,4,2,2,1,5,2,4,2,1,6,2,4,3,1,1,7,1,7,1,1,7,1,7,1,1,7,1,7,1,2,3,3,6,1,2,5,3,5,1,2,5,2,5,1,7,3,4,3,1,1,7,1,7,1,1,6,1,7,1,8,12,8,14,1,2,5,2,6,1,2,5,2,6,,,1,1,1,1,1,,,1,1,1,,,1
R_10Ys42v9tcTeveM,Default Response Set,Anonymous,,,23.25.128.154,0,2018-11-13 04:34:27,2018-11-13 04:46:07,1,72892,1,1,1,1,4,4,5,3,1,4,4,4,4,1,3,5,4,4,1,3,5,2,4,1,4,4,4,4,1,5,4,4,4,1,5,3,4,4,1,3,5,2,5,1,4,4,2,5,1,4,4,4,4,1,4,4,4,4,1,4,4,4,4,1,6,2,6,2,1,6,2,6,2,1,1,,,,1,1,1,,,1,,1,1,,,,,,1,1,,,1,1,1,,,9.223,70.351,72.509,14,7,6,3,6,5,4,5,3,2,3,3.31,22.869,24.207,18,1,53,54,55,41,64,55,42,55,33,66,8.031,56.67,57.566,12,7,7,7,1,1,4,6,2,2,3,9.941,43.456,45.68,14,1,51,51,51,51,51,51,51,51,52,51,,,,,,,,,,,,,,,,,,,,,,,,,,,,,,,,,,,,,,,,,,,,,,,,,,,,,,,,,,,,,,,,,,,,,,,,,,,,,,,,,,,,,
R_3NIoAP81d9Mv8DC,Default Response Set,Anonymous,,,205.175.107.127,0,2018-11-13 11:00:43,2018-11-13 11:18:35,1,71318,1,1,1,,,,,,,,,,,,,,,,,,,,,,,,,,,,,,,,,,,,,,,,,,,,,,,,,,,,,,,,,,,,,,,,,,,,,,,,,,,,,,,,,,,,,,,,,,,,,,,,,,,4.513,167.705,169.232,14,5,5,4,6,7,6,7,2,2,1,6.936,36.201,37.118,14,1,49,38,77,29,42,51,51,45,39,49,11.374,77.692,78.78,13,3,5,3,5,7,6,3,3,4,2,17.518,53.488,54.43,16,1,15,37,41,18,20,50,50,0,0,21,1,4,4,3,2,1,6,4,3,4,1,1,7,1,6,1,2,5,2,4,1,1,5,1,6,1,3,4,4,4,1,4,4,3,4,1,5,5,6,4,1,3,6,5,4,1,1,2,2,2,1,2,5,2,4,1,9,12,8,11,1,2,5,4,4,1,4,3,4,5,1,,,,,,1,,,1,1,1,,,
R_1prKU8rG8L0L30w,Default Response Set,Anonymous,,,205.175.107.189,0,2018-11-13 11:25:13,2018-11-13 11:38:35,1,71519,1,1,1,,,,,,,,,,,,,,,,,,,,,,,,,,,,,,,,,,,,,,,,,,,,,,,,,,,,,,,,,,,,,,,,,,,,,,,,,,,,,,,,,,,,,,,,,,,,,,,,,,,6.238,48.207,48.992,12,7,6,6,2,2,2,2,7,6,2,76.865,100.548,100.995,14,1,50,50,50,50,50,50,50,50,50,50,2.922,46.607,49.201,13,7,2,7,2,2,2,2,6,6,2,3.21,20.681,21.786,10,1,50,50,50,50,50,50,50,50,50,50,1,6,2,2,2,1,6,2,2,2,1,6,3,4,3,1,6,2,5,3,1,2,6,2,6,1,6,3,3,5,1,6,5,3,6,1,6,5,5,3,1,6,2,4,3,1,3,5,3,6,1,2,6,2,6,1,9,13,9,13,1,2,6,2,6,1,2,6,2,6,,,1,1,1,,,,,1,1,1,,,
R_2OOcdx1tv7jcpE3,Default Response Set,Anonymous,,,205.175.107.147,0,2018-11-13 11:48:23,2018-11-13 12:07:28,1,72576,1,1,1,1,5,3,4,4,1,5,3,4,4,1,5,3,4,4,1,4,5,3,5,1,5,5,4,4,1,5,3,4,3,1,5,3,4,4,1,6,2,4,4,1,6,4,4,4,1,3,5,3,4,1,4,4,4,4,1,5,4,4,4,1,5,4,5,4,1,5,4,5,4,,1,,,,,,,,,1,,,,,,,,,,1,,,,,1,,,8.458,57.054,62.155,10,2,6,2,6,7,4,7,4,4,1,14.27,59.235,61.552,14,1,50,35,74,37,28,50,50,32,32,20,8.336,74.267,75.551,10,3,5,3,6,6,4,5,5,4,3,28.591,162.877,166.698,14,1,35,35,62,34,25,50,50,38,38,24,,,,,,,,,,,,,,,,,,,,,,,,,,,,,,,,,,,,,,,,,,,,,,,,,,,,,,,,,,,,,,,,,,,,,,,,,,,,,,,,,,,,,
R_12EUEzOroozUlsP,Default Response Set,Anonymous,,,205.175.107.146,0,2018-11-13 12:50:12,2018-11-13 12:58:39,1,72356,1,1,1,,,,,,,,,,,,,,,,,,,,,,,,,,,,,,,,,,,,,,,,,,,,,,,,,,,,,,,,,,,,,,,,,,,,,,,,,,,,,,,,,,,,,,,,,,,,,,,,,,,6.226,37.379,38.232,13,1,6,1,6,7,2,2,3,3,2,6.58,27.457,28.881,11,1,18,8,51,32,15,64,63,21,10,18,7.82,44.211,45.054,12,3,5,3,5,6,3,5,4,4,4,10.424,54.141,55.288,14,1,11,19,51,15,15,71,79,26,5,24,1,5,5,5,5,1,5,4,5,5,1,4,4,3,4,1,3,4,4,4,1,5,4,4,4,1,4,4,4,4,1,3,5,4,4,1,5,5,5,5,1,3,5,5,5,1,4,4,4,4,1,3,3,3,3,1,11,11,11,11,1,3,3,5,3,1,3,4,4,4,1,1,,,,,,,,1,1,1,,,
R_2Ys8Eom8u6h86K8,Default Response Set,Anonymous,,,205.175.107.253,0,2018-11-13 12:54:27,2018-11-13 13:11:28,1,72906,1,1,1,1,5,3,2,2,1,5,3,3,3,1,5,2,2,2,1,1,7,1,4,1,1,6,1,4,1,4,4,2,2,1,4,2,2,2,1,3,6,1,5,1,6,2,2,2,1,2,6,1,4,1,2,6,1,4,1,3,6,1,4,1,4,3,5,3,1,4,3,4,4,,,,,,,,,,,1,1,,,,1,,,,1,1,,,1,,,,,26.855,78.311,80.662,11,4,5,3,5,5,4,7,2,2,2,7.101,53.686,54.899,15,1,6,7,100,27,16,37,38,29,17,25,17.781,87.758,88.61,11,3,4,3,5,5,5,6,3,3,4,38.251,102.222,103.315,19,1,17,17,91,20,17,65,53,14,2,35,,,,,,,,,,,,,,,,,,,,,,,,,,,,,,,,,,,,,,,,,,,,,,,,,,,,,,,,,,,,,,,,,,,,,,,,,,,,,,,,,,,,,
R_1CIuoArr80SxsSS,Default Response Set,Anonymous,,,4.35.246.19,0,2018-11-13 12:13:57,2018-11-13 13:17:18,1,71964,1,1,1,,,,,,,,,,,,,,,,,,,,,,,,,,,,,,,,,,,,,,,,,,,,,,,,,,,,,,,,,,,,,,,,,,,,,,,,,,,,,,,,,,,,,,,,,,,,,,,,,,,6.761,49.576,50.545,11,3,5,3,3,5,3,5,2,2,2,45.581,111.452,112.723,12,1,30,30,68,36,22,57,57,40,33,42,395.268,588.193,589.093,12,2,5,2,5,5,5,3,3,3,3,34.424,66.485,67.937,13,1,35,36,46,35,44,52,47,34,22,43,1,5,3,4,4,1,6,2,4,4,1,6,3,3,5,1,6,2,5,3,1,6,2,4,4,1,5,3,4,4,1,6,2,5,4,1,3,6,3,3,1,6,2,4,4,1,6,2,5,4,1,4,3,4,4,1,10,10,11,11,1,3,5,3,4,1,3,5,3,4,,,,,,1,1,,,,,,,,1
R_25Sl4Y0QqcLN7PD,Default Response Set,Anonymous,,,205.175.107.55,0,2018-11-13 12:52:39,2018-11-13 13:19:45,1,71832,1,1,1,,,,,,,,,,,,,,,,,,,,,,,,,,,,,,,,,,,,,,,,,,,,,,,,,,,,,,,,,,,,,,,,,,,,,,,,,,,,,,,,,,,,,,,,,,,,,,,,,,,16.26,114.081,114.962,13,7,1,6,2,2,7,6,3,2,3,2.825,41.006,42.209,13,1,40,40,70,50,40,51,51,50,45,50,38.351,177.544,178.2,17,7,1,7,1,1,7,1,3,1,4,13.874,104.192,105.264,14,1,35,35,30,9,20,51,51,10,3,51,1,7,1,1,1,1,7,1,1,1,1,7,1,1,1,1,7,1,1,1,1,1,7,1,7,1,7,1,5,1,1,7,1,5,1,1,6,2,4,4,1,6,2,4,4,1,7,2,6,1,1,1,5,2,6,1,8,13,8,9,1,4,4,4,4,1,5,4,4,2,,,,,1,,,,,,,1,,,
R_1gBkX3iH6wLjUUA,Default Response Set,Anonymous,,,205.175.107.78,0,2018-11-13 13:31:00,2018-11-13 13:45:56,1,72544,1,1,1,1,2,6,2,6,1,2,4,2,5,1,1,7,1,7,1,1,7,1,7,1,1,7,1,7,1,4,4,4,4,1,4,4,4,4,1,2,7,1,7,1,4,6,3,3,1,5,5,3,4,1,2,6,2,6,1,2,5,2,5,1,1,6,2,6,1,2,6,2,6,1,1,1,1,1,1,1,,,1,1,1,,,1,,,1,1,1,1,,,1,1,1,,,4.117,66.16,68.774,12,2,6,2,6,6,5,6,1,2,2,5.192,29.07,29.958,10,1,12,11,80,27,13,57,58,24,27,24,7.626,62.016,63.438,10,2,6,2,6,6,4,5,2,4,2,32.083,70.5,71.3,11,1,17,30,64,17,14,69,70,17,7,30,,,,,,,,,,,,,,,,,,,,,,,,,,,,,,,,,,,,,,,,,,,,,,,,,,,,,,,,,,,,,,,,,,,,,,,,,,,,,,,,,,,,,
R_C7uE9Quy4iapeHD,Default Response Set,Anonymous,,,205.175.107.113,0,2018-11-13 15:05:50,2018-11-13 15:15:25,1,72396,1,1,1,1,6,5,4,4,1,6,4,4,4,1,6,4,4,4,1,6,4,4,4,1,6,4,4,4,1,6,4,4,4,1,7,2,2,2,1,6,2,2,2,1,7,2,2,2,1,4,4,4,4,1,7,5,2,4,1,6,6,6,4,1,6,4,4,4,1,5,4,4,4,,,,,,,,,,,,,,,1,,,,,,,,,,,,,,5.54,46.641,47.814,11,5,6,5,5,5,4,4,6,6,5,15.683,48.616,49.446,12,1,41,41,41,44,39,39,45,59,27,48,3.534,22.582,25.238,12,5,5,5,5,4,4,4,4,4,4,8.627,51.441,52.173,14,1,38,50,47,27,36,51,51,12,20,51,,,,,,,,,,,,,,,,,,,,,,,,,,,,,,,,,,,,,,,,,,,,,,,,,,,,,,,,,,,,,,,,,,,,,,,,,,,,,,,,,,,,,
R_272JA0OM6YLrDOR,Default Response Set,Anonymous,,,205.175.107.166,0,2018-11-13 16:15:06,2018-11-13 16:30:34,1,72297,1,1,1,,,,,,,,,,,,,,,,,,,,,,,,,,,,,,,,,,,,,,,,,,,,,,,,,,,,,,,,,,,,,,,,,,,,,,,,,,,,,,,,,,,,,,,,,,,,,,,,,,,5.209,44.725,50.6,18,3,5,3,4,4,4,6,1,2,2,37.693,61.726,62.639,12,1,25,25,23,18,34,47,50,31,25,37,9.544,61.978,63.161,11,3,5,3,6,6,4,4,2,3,3,23.746,63.352,64.659,11,1,27,23,45,7,15,50,50,9,6,24,1,5,3,4,4,1,6,2,4,4,1,4,2,4,4,1,6,2,4,4,1,2,6,4,5,1,4,3,5,4,1,3,4,4,4,1,4,4,3,5,1,5,4,3,5,1,6,4,5,4,1,2,5,2,5,1,8,13,8,13,1,4,4,5,5,1,2,4,2,5,,1,,,,,,,,,,1,,,1
R_22ljJOBhbTUoOZl,Default Response Set,Anonymous,,,76.104.128.104,0,2018-11-13 15:21:31,2018-11-13 16:36:23,1,71638,1,1,1,1,6,2,6,2,1,6,2,6,2,1,6,2,6,2,1,5,2,4,2,1,6,2,4,2,1,6,2,3,2,1,6,2,4,2,1,6,2,5,2,1,6,2,6,2,1,6,2,6,2,1,6,2,6,2,1,6,2,6,2,1,6,2,6,2,1,6,2,6,2,,,,,1,,1,,,,1,,,,,1,1,1,,1,,1,,1,,,,,99.006,213.795,214.827,10,6,2,6,3,5,5,4,6,5,5,8.719,66.038,67.668,10,1,50,47,47,50,49,50,50,55,52,50,3.657,68.368,69.154,14,6,4,6,3,5,5,4,6,5,6,2746.211,3332.383,3333.643,18,1,33,34,44,34,34,55,53,45,39,50,,,,,,,,,,,,,,,,,,,,,,,,,,,,,,,,,,,,,,,,,,,,,,,,,,,,,,,,,,,,,,,,,,,,,,,,,,,,,,,,,,,,,
R_1N9O5XV1jIqmBcI,Default Response Set,Anonymous,,,205.175.107.233,0,2018-11-13 16:49:14,2018-11-13 17:09:39,1,71476,1,1,1,,,,,,,,,,,,,,,,,,,,,,,,,,,,,,,,,,,,,,,,,,,,,,,,,,,,,,,,,,,,,,,,,,,,,,,,,,,,,,,,,,,,,,,,,,,,,,,,,,,3.802,105.608,108.299,28,4,5,4,4,5,4,5,2,4,2,5.922,81.053,82.491,18,1,65,4,82,0,19,62,62,54,30,34,11.018,65.521,66.4,28,3,4,4,5,5,5,4,3,3,3,5.165,170.02,170.332,25,1,23,35,45,3,41,65,60,15,2,10,1,6,5,2,3,1,5,4,5,4,1,5,5,5,4,1,5,3,4,4,1,3,6,3,5,1,4,3,3,4,1,5,4,4,4,1,2,5,3,5,1,5,4,4,4,1,4,5,3,5,1,4,4,3,4,1,11,12,11,11,1,3,5,3,4,1,2,5,2,5,1,1,,,,,,,,,,,,,1
R_2VvZQHx9OSkLNCK,Default Response Set,Anonymous,,,73.83.21.18,0,2018-11-13 17:40:41,2018-11-13 17:52:27,1,72316,1,1,1,1,2,6,2,2,1,3,3,3,6,1,1,7,1,7,1,1,7,1,7,1,1,7,1,7,1,3,3,3,3,1,3,3,3,3,1,2,6,7,2,1,6,2,4,2,1,6,6,2,2,1,2,6,2,6,1,2,6,2,2,1,2,6,2,6,1,2,6,2,6,1,1,,,,,,,,1,1,1,,,1,,,1,1,1,1,,,1,1,1,,,4.739,33.457,34.913,10,2,6,2,6,7,7,7,1,2,1,2.744,31.125,32.593,13,1,21,41,100,35,33,63,62,50,32,38,4.511,40.324,46.142,10,1,7,1,7,7,7,4,1,1,3,13.743,66.379,67.416,13,1,16,5,39,5,11,77,77,22,20,15,,,,,,,,,,,,,,,,,,,,,,,,,,,,,,,,,,,,,,,,,,,,,,,,,,,,,,,,,,,,,,,,,,,,,,,,,,,,,,,,,,,,,
R_pJWbZL8cfl1Xbod,Default Response Set,Anonymous,,,71.231.56.144,0,2018-11-13 18:29:13,2018-11-13 18:41:54,1,72422,1,1,1,,,,,,,,,,,,,,,,,,,,,,,,,,,,,,,,,,,,,,,,,,,,,,,,,,,,,,,,,,,,,,,,,,,,,,,,,,,,,,,,,,,,,,,,,,,,,,,,,,,7.317,51.226,52.094,15,3,5,3,5,5,5,6,1,3,2,23.06,79.071,79.54,12,1,75,18,82,28,7,73,60,50,0,8,9.613,59.433,59.991,12,4,4,4,5,5,3,2,3,3,3,4.306,32.529,33.334,10,1,15,25,50,34,32,50,46,0,4,30,1,6,3,2,2,1,6,4,3,2,1,1,7,1,2,1,3,5,1,4,1,1,7,1,1,1,5,3,2,2,1,3,5,2,2,1,3,5,3,2,1,6,2,4,3,1,2,6,2,2,1,1,7,2,1,1,8,14,8,11,1,1,7,1,3,1,1,7,1,2,,1,,,,,,,,1,1,1,,,
R_1pzcjgBA0GcahIi,Default Response Set,Anonymous,,,205.175.107.119,0,2018-11-13 23:46:16,2018-11-14 00:01:28,1,71794,1,1,1,,,,,,,,,,,,,,,,,,,,,,,,,,,,,,,,,,,,,,,,,,,,,,,,,,,,,,,,,,,,,,,,,,,,,,,,,,,,,,,,,,,,,,,,,,,,,,,,,,,7.793,53.804,54.637,11,3,6,3,6,7,6,6,1,2,2,11.801,61.893,62.743,18,1,76,40,88,29,39,63,65,25,18,31,26.741,61.002,61.849,11,3,5,3,5,7,7,6,2,2,2,11.97,40.778,41.647,15,1,78,26,70,22,37,62,60,10,10,30,1,1,2,1,5,1,3,3,3,5,1,3,5,3,5,1,6,3,5,3,1,5,5,5,3,1,2,5,2,5,1,1,6,3,5,1,1,6,2,5,1,5,5,3,4,1,1,6,1,6,1,1,7,2,5,1,8,13,9,13,1,1,6,2,5,1,1,6,2,5,1,,,,,1,1,,,,,,,,1
R_3Hie7e7Buh8NMUE,Default Response Set,Anonymous,,,205.175.97.7,0,2018-11-14 03:22:58,2018-11-14 03:37:32,1,71587,1,1,1,,,,,,,,,,,,,,,,,,,,,,,,,,,,,,,,,,,,,,,,,,,,,,,,,,,,,,,,,,,,,,,,,,,,,,,,,,,,,,,,,,,,,,,,,,,,,,,,,,,9.931,49.38,49.848,11,6,5,4,5,5,6,5,3,3,2,5.858,17.282,17.782,12,1,20,8,28,13,9,71,23,7,0,11,5.683,34.406,35,10,6,6,4,5,6,6,7,3,4,5,12.67,36.93,37.595,12,1,16,24,44,18,14,71,22,15,3,36,1,6,2,5,3,1,6,3,4,4,1,6,6,2,6,1,6,3,4,4,1,4,6,4,6,1,5,4,4,4,1,5,4,4,4,1,6,2,4,4,1,5,5,4,4,1,6,2,6,3,1,6,5,4,3,1,13,9,12,10,1,4,5,3,6,1,4,5,4,4,1,,,,1,,,,,,1,,,,
R_2ZTRB764c46myii,Default Response Set,Anonymous,,,205.175.107.250,0,2018-11-14 11:42:32,2018-11-14 11:48:34,1,71781,1,1,1,,,,,,,,,,,,,,,,,,,,,,,,,,,,,,,,,,,,,,,,,,,,,,,,,,,,,,,,,,,,,,,,,,,,,,,,,,,,,,,,,,,,,,,,,,,,,,,,,,,1.238,8.76,9.939,10,4,4,4,4,4,4,4,4,4,4,8.114,52.163,64.04,18,1,50,50,50,50,50,50,50,50,50,50,1.342,8.724,10.424,10,4,4,4,4,4,4,4,4,4,4,3.001,28.749,30.144,11,1,50,50,50,50,50,50,50,50,50,50,1,4,4,4,4,1,4,4,4,4,1,4,4,4,4,1,4,4,4,4,1,4,4,4,4,1,4,4,4,4,1,4,4,4,4,1,4,4,4,4,1,4,4,4,4,1,4,4,4,4,1,4,4,4,4,1,11,11,11,11,1,4,4,4,4,1,4,4,4,4,,,,,,,,,,1,1,1,,,
R_3NwB9OpvTvMmZ5a,Default Response Set,Anonymous,,,205.175.107.158,0,2018-11-14 11:56:32,2018-11-14 12:10:39,1,72427,1,1,1,,,,,,,,,,,,,,,,,,,,,,,,,,,,,,,,,,,,,,,,,,,,,,,,,,,,,,,,,,,,,,,,,,,,,,,,,,,,,,,,,,,,,,,,,,,,,,,,,,,5.066,47,47.801,30,1,7,1,7,7,6,7,1,1,1,5.673,121.315,122.034,26,1,25,35,70,5,20,60,60,70,20,20,9.116,33.718,34.812,29,1,7,1,7,7,7,6,1,1,1,2.215,72.161,72.97,20,1,10,10,80,3,15,75,75,25,6,10,1,6,4,4,4,1,3,6,4,4,1,5,5,4,5,1,6,5,6,4,1,1,7,1,7,1,1,7,1,7,1,1,7,1,7,1,1,7,1,7,1,3,5,3,4,1,2,6,2,7,1,1,7,1,7,1,8,14,8,14,1,1,7,1,7,1,1,7,1,7,1,1,,,1,1,1,,,,,1,,1,1
R_2QRL6nD83MqO7MD,Default Response Set,Anonymous,,,205.175.107.190,0,2018-11-14 12:14:53,2018-11-14 12:24:34,1,71918,1,1,1,1,2,5,5,5,1,2,6,2,5,1,1,7,1,7,1,1,7,1,7,1,1,7,1,7,1,3,5,3,5,1,3,5,3,5,1,1,6,2,6,1,4,3,4,3,1,1,7,1,2,1,1,7,1,7,1,1,7,1,7,1,1,7,1,7,1,1,7,1,7,,,1,1,1,,,,,1,1,1,,,1,,1,1,1,1,1,,,1,1,1,,,6.504,27.947,29.707,12,6,6,5,5,7,7,7,1,1,1,14.572,34.857,36.019,12,1,21,51,85,37,46,73,74,29,50,44,4.415,35.58,37.006,14,3,6,2,6,7,7,7,1,1,2,10.204,37.216,38.353,14,1,6,9,76,14,17,85,82,9,22,11,,,,,,,,,,,,,,,,,,,,,,,,,,,,,,,,,,,,,,,,,,,,,,,,,,,,,,,,,,,,,,,,,,,,,,,,,,,,,,,,,,,,,
R_WDQpwqXnbrO3qp3,Default Response Set,Anonymous,,,205.175.107.27,0,2018-11-14 13:45:05,2018-11-14 14:01:19,1,71265,1,1,1,1,3,5,2,5,1,2,6,4,6,1,6,5,3,5,1,1,7,1,4,1,1,7,1,5,1,5,3,3,5,1,4,5,3,5,1,2,6,4,5,1,6,5,4,5,1,2,6,2,5,1,1,7,2,5,1,1,7,2,5,1,1,6,2,6,1,1,6,2,6,1,1,1,1,1,1,1,,,1,1,1,,,1,,1,1,1,1,1,,,1,1,1,,,7.687,56.255,57.681,11,2,5,2,6,6,4,6,1,1,1,25.991,76.446,77.545,16,1,33,15,68,20,33,68,67,20,33,41,10.411,62.845,76.122,11,2,7,1,7,6,6,6,1,4,2,4.119,44.036,45.9,12,1,8,12,58,2,4,90,90,2,2,10,,,,,,,,,,,,,,,,,,,,,,,,,,,,,,,,,,,,,,,,,,,,,,,,,,,,,,,,,,,,,,,,,,,,,,,,,,,,,,,,,,,,,
R_1mQ4jMFMltHXHOg,Default Response Set,Anonymous,,,205.175.107.231,0,2018-11-14 13:40:22,2018-11-14 14:14:26,1,71773,1,1,1,,,,,,,,,,,,,,,,,,,,,,,,,,,,,,,,,,,,,,,,,,,,,,,,,,,,,,,,,,,,,,,,,,,,,,,,,,,,,,,,,,,,,,,,,,,,,,,,,,,11.163,238.826,240.053,11,1,6,3,6,7,5,7,1,1,1,7.337,60.269,61.469,12,1,46,39,100,39,40,51,53,19,36,47,6.71,131.237,132.436,11,1,7,1,7,7,7,6,2,1,1,21.526,59.233,60.318,10,1,20,19,79,13,14,77,50,19,22,22,1,4,4,4,4,1,7,1,2,1,1,1,6,1,7,1,4,4,4,4,1,1,7,1,1,1,5,2,1,1,1,6,2,2,2,1,7,1,1,5,1,7,6,1,5,1,1,6,1,7,1,1,5,1,7,1,9,13,9,14,1,1,2,1,7,1,2,2,1,7,1,1,1,1,1,,,,,1,1,1,,,1
R_3fvpUtTNwkMwX7t,Default Response Set,Anonymous,,,205.175.107.235,0,2018-11-14 14:04:09,2018-11-14 14:18:23,1,71922,1,1,1,,,,,,,,,,,,,,,,,,,,,,,,,,,,,,,,,,,,,,,,,,,,,,,,,,,,,,,,,,,,,,,,,,,,,,,,,,,,,,,,,,,,,,,,,,,,,,,,,,,12.717,61.804,63.105,12,3,4,3,5,5,2,4,3,3,5,9.89,60.881,62.409,16,1,44,34,46,36,38,59,59,59,36,34,8.421,33.326,34.569,14,4,4,4,4,4,4,4,4,4,4,6.863,34.406,35.33,14,1,41,43,38,37,37,50,50,40,44,62,1,6,3,4,4,1,5,5,4,4,1,6,2,4,4,1,6,3,4,4,1,4,5,4,4,1,6,5,4,3,1,6,2,4,2,1,6,2,4,2,1,6,2,4,2,1,6,2,4,1,1,5,3,4,3,1,10,12,11,12,1,6,2,5,2,1,6,2,5,2,1,1,1,1,1,1,1,,,,1,,,,1
R_skeSDVo0F0OVdLP,Default Response Set,Anonymous,,,205.175.97.70,0,2018-11-14 14:08:20,2018-11-14 14:22:55,1,72338,1,1,1,1,5,3,4,4,1,7,1,4,1,1,1,7,1,7,1,1,7,1,7,1,1,7,1,7,1,7,2,4,1,1,7,2,4,1,1,7,5,5,3,1,7,1,4,1,1,1,7,2,5,1,1,7,3,4,1,1,7,3,5,1,2,5,4,4,1,2,5,4,4,,,1,1,1,,,,,1,1,1,,,,,1,1,1,1,1,,,1,1,1,,,4.242,44.058,44.951,10,2,6,2,5,5,7,7,3,2,2,15.305,32.594,33.466,12,1,13,12,85,13,13,85,85,11,12,12,5.588,46.194,47.277,11,1,7,1,7,5,7,6,3,3,2,17.99,55.788,56.7,14,1,11,11,86,11,13,87,88,8,7,8,,,,,,,,,,,,,,,,,,,,,,,,,,,,,,,,,,,,,,,,,,,,,,,,,,,,,,,,,,,,,,,,,,,,,,,,,,,,,,,,,,,,,
R_3oNH86v9jwmmXtQ,Default Response Set,Anonymous,,,74.93.99.145,0,2018-11-14 17:19:32,2018-11-14 17:45:30,1,72548,1,1,1,,,,,,,,,,,,,,,,,,,,,,,,,,,,,,,,,,,,,,,,,,,,,,,,,,,,,,,,,,,,,,,,,,,,,,,,,,,,,,,,,,,,,,,,,,,,,,,,,,,5.683,111.857,113.45,11,2,6,2,6,6,6,6,1,1,1,106.939,220.649,222.421,11,1,10,10,95,20,20,35,65,10,25,25,7.385,30.005,31.83,10,2,6,2,6,6,6,5,2,2,2,30.438,84.028,86.095,12,1,35,40,50,20,20,40,40,10,10,30,1,3,6,6,5,1,3,5,5,5,1,1,6,6,6,1,1,6,6,6,1,1,7,2,7,1,2,5,2,5,1,2,5,2,6,1,2,6,2,6,1,3,4,3,5,1,1,6,1,7,1,1,6,1,6,1,8,13,9,13,1,1,6,2,6,1,1,6,1,6,1,1,1,1,1,1,1,,,1,1,1,,,1
R_Avb5KMOR4wOIIyR,Default Response Set,Anonymous,,,205.175.107.61,0,2018-11-14 18:13:19,2018-11-14 18:19:16,1,71255,1,1,1,,,,,,,,,,,,,,,,,,,,,,,,,,,,,,,,,,,,,,,,,,,,,,,,,,,,,,,,,,,,,,,,,,,,,,,,,,,,,,,,,,,,,,,,,,,,,,,,,,,7.41,24.415,25.32,14,5,3,5,4,4,4,4,4,4,4,8.805,35.671,37.137,15,1,52,39,51,51,40,60,65,42,43,43,1.736,9.625,10.823,10,4,4,4,4,4,4,4,4,4,4,2.1,19.901,20.947,18,1,53,45,51,51,40,64,63,44,41,43,1,4,4,4,4,1,4,4,4,4,1,4,4,4,4,1,4,4,4,4,1,4,4,4,4,1,4,4,4,4,1,4,3,4,3,1,4,4,4,4,1,4,4,4,4,1,4,4,4,4,1,4,4,4,4,1,10,11,11,11,1,4,4,4,4,1,4,4,4,4,,1,,,,,,,,1,1,1,,,1
R_10ufnU9ojOkIxvb,Default Response Set,Anonymous,,,50.46.199.155,0,2018-11-14 19:22:31,2018-11-14 19:39:25,1,72882,1,1,1,1,4,4,4,4,1,6,2,4,4,1,1,7,1,7,1,1,7,1,7,1,1,7,1,7,1,4,4,4,4,1,3,5,3,5,1,3,5,3,5,1,6,5,4,4,1,4,4,4,4,1,2,5,3,5,1,2,5,3,5,1,4,4,4,4,1,3,5,3,5,,,1,1,1,,1,,,1,1,1,,,1,,,1,1,1,1,,,1,,1,,,11.074,73.261,74.424,16,7,5,2,6,6,6,6,1,3,2,17.882,125.628,126.84,13,1,30,30,70,30,40,65,65,40,25,31,1.814,98.49,99.29,16,7,4,5,5,5,5,4,2,3,4,5.291,126.011,127.254,28,1,25,40,25,25,25,60,60,0,30,10,,,,,,,,,,,,,,,,,,,,,,,,,,,,,,,,,,,,,,,,,,,,,,,,,,,,,,,,,,,,,,,,,,,,,,,,,,,,,,,,,,,,,
R_3ffpSQSVf20Aur2,Default Response Set,Anonymous,,,205.175.97.172,0,2018-11-14 19:56:42,2018-11-14 20:21:52,1,72248,1,1,1,,,,,,,,,,,,,,,,,,,,,,,,,,,,,,,,,,,,,,,,,,,,,,,,,,,,,,,,,,,,,,,,,,,,,,,,,,,,,,,,,,,,,,,,,,,,,,,,,,,14.771,101.063,102.171,14,3,6,2,6,6,6,7,1,1,1,18.913,184.867,187.362,13,1,20,25,90,10,20,70,35,30,15,15,12.362,98.722,99.174,12,3,5,3,5,6,6,4,2,2,2,5.599,110.983,112.354,16,1,10,30,50,10,30,50,50,10,5,15,1,3,5,4,4,1,5,3,4,4,1,1,7,1,5,1,1,7,2,5,1,1,7,1,5,1,3,5,1,4,1,3,5,2,4,1,2,5,2,4,1,6,2,4,2,1,1,7,1,5,1,1,6,1,4,1,8,13,8,11,1,1,7,2,4,1,1,7,1,4,1,1,1,1,1,1,1,,,1,1,1,,,1
R_21cwbbqYYz4R50s,Default Response Set,Anonymous,,,73.97.36.210,0,2018-11-14 20:21:13,2018-11-14 20:32:21,1,71856,1,1,1,1,6,4,2,4,1,4,5,2,3,1,4,5,4,4,1,2,6,1,6,1,2,6,2,6,1,4,5,4,4,1,4,5,4,4,1,4,4,4,4,1,6,4,4,4,1,4,5,3,4,1,3,5,2,4,1,2,6,2,4,1,3,5,3,4,1,3,5,3,4,,1,1,1,1,,,,,1,1,1,,,1,,,,,1,1,,,1,1,1,,,6.579,49.072,50.232,11,5,5,4,4,6,4,5,2,3,3,7.426,49.842,52.129,12,1,33,30,69,42,42,52,51,42,37,39,3.852,42.029,42.894,10,4,5,4,5,6,5,4,2,3,3,3.176,33.192,34.817,15,1,31,29,51,25,20,59,63,24,18,34,,,,,,,,,,,,,,,,,,,,,,,,,,,,,,,,,,,,,,,,,,,,,,,,,,,,,,,,,,,,,,,,,,,,,,,,,,,,,,,,,,,,,
R_2SdZiYDvUtMWo4G,Default Response Set,Anonymous,,,205.175.107.63,0,2018-11-14 17:55:16,2018-11-14 21:20:31,1,72028,1,1,1,,,,,,,,,,,,,,,,,,,,,,,,,,,,,,,,,,,,,,,,,,,,,,,,,,,,,,,,,,,,,,,,,,,,,,,,,,,,,,,,,,,,,,,,,,,,,,,,,,,6.109,97.844,99.545,11,2,7,3,6,7,6,7,1,1,1,14.433,91.921,101.557,11,1,15,28,96,21,21,52,53,19,11,28,20.029,152.755,161.174,12,2,6,2,6,7,5,6,2,2,2,102.513,208.69,211.347,14,1,25,15,80,10,14,63,68,4,1,15,1,4,4,4,4,1,6,2,4,4,1,1,6,2,6,1,1,6,3,4,1,1,7,1,7,1,2,4,4,4,1,3,4,4,4,1,4,4,3,5,1,4,4,4,4,1,1,6,1,6,1,1,7,1,7,1,8,13,8,13,1,1,4,1,6,1,1,4,1,6,,,1,1,1,1,1,,,1,1,1,,,
R_24GKrhiaIPIHTnQ,Default Response Set,Anonymous,,,173.10.117.13,0,2018-11-15 00:17:28,2018-11-15 00:29:39,1,72800,1,1,1,,,,,,,,,,,,,,,,,,,,,,,,,,,,,,,,,,,,,,,,,,,,,,,,,,,,,,,,,,,,,,,,,,,,,,,,,,,,,,,,,,,,,,,,,,,,,,,,,,,6.393,40.482,41.937,11,2,5,3,5,7,6,6,2,2,2,3.799,28.296,29.51,11,1,36,31,82,18,36,65,70,31,10,39,8.892,66.358,66.892,14,2,6,2,6,7,7,5,2,2,3,23.227,54.46,55.532,14,1,26,16,65,7,23,72,70,9,4,32,1,7,2,4,4,1,7,1,4,1,1,1,7,1,5,1,1,7,1,5,1,1,7,1,5,1,6,2,4,2,1,6,2,4,2,1,7,5,3,2,1,7,5,2,1,1,2,6,2,3,1,2,6,2,3,1,9,12,9,10,1,5,2,4,1,1,6,2,3,1,,,1,1,,,,,,1,1,1,,,
R_3DhXBt1UnPOWLhg,Default Response Set,Anonymous,,,205.175.107.55,0,2018-11-15 11:12:32,2018-11-15 11:22:15,1,72323,1,1,1,1,7,3,4,2,1,7,3,7,1,1,1,7,1,7,1,1,7,1,7,1,1,7,1,7,1,4,3,3,3,1,4,4,4,4,1,4,6,4,5,1,6,5,3,3,1,1,7,1,7,1,1,7,1,7,1,1,7,1,7,1,2,4,3,4,1,3,4,2,6,,,1,1,1,,,,,,1,1,,,,,1,1,1,1,1,,,1,1,1,,,4.718,45.494,46.977,12,3,5,2,6,7,7,7,1,1,2,2.488,34.744,36.384,11,1,28,31,100,14,25,27,25,50,14,26,5.522,37.958,38.924,11,3,7,1,7,7,7,7,1,1,1,10.218,39.632,40.662,12,1,11,13,90,4,0,14,7,2,0,15,,,,,,,,,,,,,,,,,,,,,,,,,,,,,,,,,,,,,,,,,,,,,,,,,,,,,,,,,,,,,,,,,,,,,,,,,,,,,,,,,,,,,
R_1dGDGjm6bP8nPbl,Default Response Set,Anonymous,,,205.175.107.200,0,2018-11-15 11:03:20,2018-11-15 11:30:06,1,72280,1,1,1,,,,,,,,,,,,,,,,,,,,,,,,,,,,,,,,,,,,,,,,,,,,,,,,,,,,,,,,,,,,,,,,,,,,,,,,,,,,,,,,,,,,,,,,,,,,,,,,,,,3.824,29.331,30.875,10,2,6,2,7,7,7,7,1,1,1,2.638,27.034,28.427,17,1,34,39,96,11,38,69,73,13,14,16,16.049,69.066,70.316,12,2,7,2,7,7,7,6,1,1,1,19.872,52.567,53.742,13,1,22,32,84,9,13,80,81,9,8,7,1,1,6,1,7,1,2,5,2,7,1,1,7,1,7,1,1,7,1,7,1,1,7,1,7,1,1,7,1,7,1,1,7,1,7,1,1,3,1,7,1,4,4,4,4,1,1,6,1,7,1,1,6,1,7,1,8,13,8,14,1,1,6,1,7,1,1,6,1,7,1,1,1,1,1,1,1,,,1,1,1,,,1
R_2lv7Qo6uSoA9VBf,Default Response Set,Anonymous,,,172.58.43.121,0,2018-11-15 14:43:42,2018-11-15 14:53:27,1,72390,1,1,1,1,6,3,4,5,1,6,4,6,6,1,5,5,3,5,1,3,6,1,7,1,1,7,1,7,1,5,5,3,5,1,5,5,2,6,1,2,3,2,6,1,6,5,3,4,1,1,7,1,7,1,1,7,1,7,1,1,7,1,7,1,1,7,1,7,1,1,7,1,7,,,,1,1,,,,,,1,1,,,,,,1,1,1,1,,,1,1,1,,,1.134,50.254,50.95,41,3,5,1,7,5,5,5,2,2,1,0.919,56.936,56.981,46,1,30,34,75,30,22,65,57,78,30,14,1.102,19.293,20.126,28,1,5,2,2,5,6,4,3,5,4,1.012,24.206,24.241,24,1,21,27,45,28,10,44,62,33,19,11,,,,,,,,,,,,,,,,,,,,,,,,,,,,,,,,,,,,,,,,,,,,,,,,,,,,,,,,,,,,,,,,,,,,,,,,,,,,,,,,,,,,,
R_1rHbFSfrxHBlpTd,Default Response Set,Anonymous,,,205.175.107.85,0,2018-11-15 16:14:10,2018-11-15 16:46:04,1,71792,1,1,1,1,3,5,4,7,1,3,6,6,6,1,4,3,4,4,1,1,7,1,7,1,1,7,1,7,1,4,5,4,5,1,4,5,4,5,1,4,5,4,5,1,4,3,4,3,1,4,4,4,4,1,2,6,2,6,1,2,6,2,6,1,2,6,2,6,1,2,6,2,6,1,1,1,1,1,1,1,,,1,1,1,,,1,,,1,1,1,1,,,1,1,,,,350.831,414.301,415.713,20,3,4,2,6,6,6,6,1,2,1,28.598,69.213,70.219,19,1,20,13,88,25,25,50,50,50,25,39,16.792,44.94,45.96,14,3,5,2,6,6,5,5,2,3,3,27.786,57.603,58.467,15,1,35,32,60,9,13,51,51,51,30,28,,,,,,,,,,,,,,,,,,,,,,,,,,,,,,,,,,,,,,,,,,,,,,,,,,,,,,,,,,,,,,,,,,,,,,,,,,,,,,,,,,,,,
R_2woVEZFCQy1H3lW,Default Response Set,Anonymous,,,4.35.246.19,0,2018-11-15 16:54:14,2018-11-15 17:12:03,1,72091,1,1,1,1,6,2,2,5,1,3,5,6,6,1,6,3,5,5,1,1,7,1,2,1,1,7,1,5,1,5,3,1,1,1,5,1,2,3,1,1,5,1,5,1,5,5,2,2,1,1,6,1,5,1,1,6,1,5,1,1,5,1,5,1,1,5,1,5,1,1,5,1,5,1,1,1,1,1,,,,,1,1,1,,,1,,1,1,1,1,1,,,1,1,1,,,5.024,41.371,42.233,11,1,7,1,7,7,7,7,1,1,2,8.256,59.336,60.265,15,1,0,25,0,7,20,7,6,29,15,20,2.145,31.227,32.176,10,1,7,1,7,7,7,7,1,1,1,4.046,34.766,36.601,14,1,0,0,12,0,9,0,0,0,0,10,,,,,,,,,,,,,,,,,,,,,,,,,,,,,,,,,,,,,,,,,,,,,,,,,,,,,,,,,,,,,,,,,,,,,,,,,,,,,,,,,,,,,
R_11ilSDMYaQ8qgek,Default Response Set,Anonymous,,,73.97.118.167,0,2018-11-15 17:36:18,2018-11-15 18:16:52,1,72360,1,1,1,1,7,1,4,1,1,7,1,4,1,1,7,6,3,6,1,7,6,2,6,1,7,5,3,5,1,7,1,4,2,1,7,1,4,2,1,7,6,4,6,1,7,2,4,4,1,7,3,4,4,1,7,5,4,5,1,7,2,4,5,1,7,3,4,5,1,7,3,4,5,1,1,1,1,1,1,1,,,1,1,1,,,1,1,1,1,1,1,1,,,,,,,,14.795,92.479,92.986,13,2,6,2,6,5,5,6,2,2,2,15.193,64.132,67.121,11,1,65,35,25,30,35,40,40,50,35,35,18.319,74.423,75.388,12,2,6,2,6,5,5,5,2,3,3,28.801,85.742,85.746,13,1,,25,75,25,15,39,40,10,1,16,,,,,,,,,,,,,,,,,,,,,,,,,,,,,,,,,,,,,,,,,,,,,,,,,,,,,,,,,,,,,,,,,,,,,,,,,,,,,,,,,,,,,
R_8e5hBNBULjhEwYF,Default Response Set,Anonymous,,,50.35.181.23,0,2018-11-15 23:05:26,2018-11-15 23:20:56,1,71956,1,1,1,1,4,5,2,1,1,5,1,5,1,1,4,5,3,4,1,2,6,1,6,1,1,7,1,6,1,6,2,5,1,1,6,2,6,3,1,5,2,4,3,1,4,4,4,4,1,4,5,3,5,1,5,3,4,4,1,6,2,4,3,1,5,4,4,4,1,5,3,4,4,,1,,,,1,1,,,1,1,1,,,,,1,1,1,1,1,,,1,1,1,,,9.226,57.149,57.944,28,5,5,3,5,5,4,4,3,4,3,2.164,94.056,94.581,25,1,37,30,62,39,34,59,57,64,33,34,9.457,54.18,54.959,31,5,5,3,5,5,4,4,3,4,3,2.644,44.14,44.665,25,1,36,37,60,34,34,61,61,33,24,35,,,,,,,,,,,,,,,,,,,,,,,,,,,,,,,,,,,,,,,,,,,,,,,,,,,,,,,,,,,,,,,,,,,,,,,,,,,,,,,,,,,,,
R_1r9rXTJGi5Q4jCX,Default Response Set,Anonymous,,,24.18.44.184,0,2018-11-16 13:03:15,2018-11-16 13:33:43,1,71728,1,1,1,1,2,6,6,5,1,6,6,6,3,1,6,3,6,3,1,1,7,5,4,1,1,7,6,5,1,5,4,3,4,1,3,3,3,3,1,1,7,7,7,1,3,5,6,6,1,1,5,4,4,1,1,5,4,4,1,1,7,2,4,1,1,6,7,7,1,1,6,5,5,1,,1,1,1,,,,,1,1,1,,,1,,,1,1,1,1,,,1,1,1,,,6.599,51.68,52.715,10,1,7,1,7,7,7,7,1,2,1,24.134,63.341,64.982,10,1,10,10,100,0,0,100,90,10,0,0,4.509,50.066,51.096,12,1,7,1,7,7,7,7,1,3,1,4.151,212.78,214.614,12,1,0,0,100,0,0,80,100,0,0,0,,,,,,,,,,,,,,,,,,,,,,,,,,,,,,,,,,,,,,,,,,,,,,,,,,,,,,,,,,,,,,,,,,,,,,,,,,,,,,,,,,,,,
R_1gU9uZlStPlcQl5,Default Response Set,Anonymous,,,205.175.106.80,0,2018-11-16 16:32:07,2018-11-16 16:49:22,1,72270,1,1,1,1,6,3,5,5,1,6,2,3,5,1,1,6,1,7,1,1,7,1,6,1,1,6,1,6,1,3,6,2,5,1,2,6,2,5,1,1,6,1,5,1,6,3,4,3,1,3,5,3,3,1,1,5,2,6,1,1,5,2,5,1,1,7,1,6,1,1,6,1,5,1,,1,1,1,1,1,,,1,1,1,,,1,,,1,1,1,1,1,,,1,1,1,1,4.565,117.076,118.319,10,7,6,5,6,6,6,7,2,3,1,9.9,60.357,62.492,16,1,33,27,78,14,26,50,50,32,32,23,3.309,42.616,43.76,11,5,5,3,5,6,6,4,3,3,5,8.433,37.122,38.609,12,1,45,36,50,43,37,52,54,36,27,49,,,,,,,,,,,,,,,,,,,,,,,,,,,,,,,,,,,,,,,,,,,,,,,,,,,,,,,,,,,,,,,,,,,,,,,,,,,,,,,,,,,,,
R_2WZLfKvzsk7f3ps,Default Response Set,Anonymous,,,73.181.197.158,0,2018-11-17 15:13:35,2018-11-17 15:33:56,1,71451,1,1,1,1,3,4,4,4,1,5,4,4,4,1,4,5,3,4,1,1,6,3,6,1,1,6,2,6,1,4,5,4,4,1,4,5,4,4,1,3,5,3,5,1,4,4,4,4,1,3,6,3,5,1,3,5,3,5,1,3,5,3,5,1,3,5,3,5,1,3,5,3,5,,,,,,,,,,1,1,1,,,,,,,,,,,,1,1,1,,,10.602,79.536,80.552,14,3,6,3,4,3,3,6,3,3,5,22.351,88.722,89.582,14,1,19,35,80,15,30,70,60,30,20,25,9.046,58.069,58.495,14,3,5,3,4,3,3,5,3,3,5,25.954,58.391,59.346,10,1,25,30,59,10,15,70,65,10,10,25,,,,,,,,,,,,,,,,,,,,,,,,,,,,,,,,,,,,,,,,,,,,,,,,,,,,,,,,,,,,,,,,,,,,,,,,,,,,,,,,,,,,,
R_1IbH77OoCHK2qse,Default Response Set,Anonymous,,,54.240.196.174,0,2018-11-17 16:50:00,2018-11-17 17:09:47,1,71839,1,1,1,1,3,6,1,5,1,5,4,3,4,1,6,5,3,6,1,5,7,1,7,1,6,7,2,7,1,6,3,1,1,1,6,5,3,2,1,6,6,2,2,1,6,6,2,2,1,2,6,2,2,1,3,5,2,2,1,5,5,2,2,1,5,4,2,2,1,6,2,2,2,,1,,1,,1,1,,1,1,,1,1,,,1,,1,1,,1,,1,,1,1,,1,1.11,52.835,53.359,14,1,6,1,6,7,6,7,1,1,1,20.025,69.743,70.326,18,1,14,15,63,23,22,50,50,76,22,23,8.693,20.48,21.964,11,4,4,4,4,4,4,4,4,4,4,4.291,23.838,24.861,13,1,13,29,35,17,35,51,50,37,18,24,,,,,,,,,,,,,,,,,,,,,,,,,,,,,,,,,,,,,,,,,,,,,,,,,,,,,,,,,,,,,,,,,,,,,,,,,,,,,,,,,,,,,
R_BJPMCyeNya1yQjT,Default Response Set,Anonymous,,,205.175.106.211,0,2018-11-17 17:20:58,2018-11-17 17:30:26,1,72812,1,1,1,1,5,5,2,3,1,5,3,4,3,1,6,5,5,4,1,6,5,4,5,1,6,5,3,5,1,6,2,5,2,1,6,3,3,3,1,6,2,5,3,1,6,2,4,4,1,6,6,2,5,1,6,3,4,3,1,3,3,3,3,1,5,3,5,3,1,5,3,3,3,1,,,,,1,1,,,1,1,1,,,1,,1,1,1,,1,,,1,1,1,,,4.053,35.021,35.659,10,3,4,3,5,6,3,4,3,3,3,18.174,50.505,50.821,12,1,20,40,75,20,16,72,71,27,18,24,4.458,29.615,30.119,13,3,3,3,5,5,3,3,3,5,3,2.468,23.116,24.153,12,1,38,45,46,18,38,56,57,42,30,37,,,,,,,,,,,,,,,,,,,,,,,,,,,,,,,,,,,,,,,,,,,,,,,,,,,,,,,,,,,,,,,,,,,,,,,,,,,,,,,,,,,,,
R_2bK98K1AHHvOx2R,Default Response Set,Anonymous,,,205.175.97.101,0,2018-11-18 15:17:05,2018-11-18 15:30:17,1,72400,1,1,1,1,6,2,4,2,1,5,3,4,3,1,5,5,3,5,1,1,7,1,7,1,1,7,1,7,1,3,5,4,4,1,3,5,4,4,1,7,3,4,6,1,6,2,4,2,1,3,5,3,5,1,5,5,2,6,1,5,5,2,6,1,4,4,3,5,1,4,4,3,5,,,,1,1,,,,,1,1,1,,,,,1,,,,,,,1,,1,,,6.794,42.118,42.615,14,3,7,3,5,7,4,7,1,2,2,5.251,21.009,22.008,12,1,32,34,100,69,29,65,65,68,28,34,6.229,46.375,59.203,10,7,5,3,5,7,4,4,3,4,5,12.592,38.175,39.693,12,1,72,35,61,65,18,63,59,66,18,36,,,,,,,,,,,,,,,,,,,,,,,,,,,,,,,,,,,,,,,,,,,,,,,,,,,,,,,,,,,,,,,,,,,,,,,,,,,,,,,,,,,,,
R_vCakHeyev3oMIhP,Default Response Set,Anonymous,,,205.175.106.4,0,2018-11-18 20:09:15,2018-11-18 20:19:18,1,71308,1,1,1,,,,,,,,,,,,,,,,,,,,,,,,,,,,,,,,,,,,,,,,,,,,,,,,,,,,,,,,,,,,,,,,,,,,,,,,,,,,,,,,,,,,,,,,,,,,,,,,,,,2.634,38.385,39.239,17,2,5,2,5,5,5,7,1,2,2,2.604,28.966,29.958,16,1,13,9,100,5,6,93,85,14,11,12,4.174,38.182,39.334,11,2,6,2,6,6,5,6,2,2,2,22.407,47.389,48.574,13,1,17,20,91,11,15,89,83,0,5,6,1,6,3,4,4,1,6,2,4,4,1,1,6,1,6,1,1,7,1,6,1,1,6,2,6,1,2,5,2,4,1,2,5,2,5,1,2,6,2,6,1,6,3,4,2,1,1,6,1,6,1,1,6,2,6,1,8,13,9,12,1,1,6,2,6,1,2,6,2,6,,,1,1,1,,1,,,1,1,1,,,1
R_3nPF9qHaktAl0Bn,Default Response Set,Anonymous,,,205.175.106.189,0,2018-11-18 22:43:01,2018-11-18 22:54:07,1,71282,1,1,1,1,6,5,2,4,1,5,5,4,4,1,1,7,1,4,1,1,7,1,5,1,1,7,2,4,1,5,3,4,4,1,4,5,3,4,1,2,5,2,6,1,5,5,3,5,1,1,2,1,5,1,2,2,2,5,1,3,3,3,5,1,1,1,2,5,1,1,1,3,5,1,,1,1,1,,,,,1,1,1,,,1,,1,1,1,1,1,,,1,1,1,,,4.76,34.737,35.958,13,2,5,2,5,5,6,6,2,1,1,8.647,54.72,55.099,16,1,60,61,36,75,64,36,42,68,90,67,3.367,23.502,24.528,13,3,5,2,6,6,6,5,2,2,2,1.762,47.514,48.701,13,1,60,61,35,80,70,40,55,80,70,70,,,,,,,,,,,,,,,,,,,,,,,,,,,,,,,,,,,,,,,,,,,,,,,,,,,,,,,,,,,,,,,,,,,,,,,,,,,,,,,,,,,,,
R_2PAMMON8rMQWcyL,Default Response Set,Anonymous,,,205.175.106.129,0,2018-11-19 11:35:20,2018-11-19 11:51:59,1,71906,1,1,1,1,3,6,1,2,1,5,3,4,3,1,1,7,1,2,1,1,7,1,2,1,1,7,1,2,1,6,2,4,2,1,6,2,4,2,1,2,5,1,3,1,6,2,4,1,1,5,2,4,2,1,3,5,3,4,1,3,5,2,2,1,2,2,2,2,1,2,2,2,2,,,1,1,1,,,,,1,1,1,,,1,,,1,1,,,,,1,1,1,,,8.163,49.879,51.864,10,1,6,1,7,7,6,6,1,1,1,28.535,86.003,87.283,15,1,7,15,85,8,13,73,69,10,14,10,5.189,76.751,77.797,15,1,6,5,5,6,7,4,2,2,2,4.33,32.851,33.876,10,1,8,18,40,1,6,66,23,0,3,0,,,,,,,,,,,,,,,,,,,,,,,,,,,,,,,,,,,,,,,,,,,,,,,,,,,,,,,,,,,,,,,,,,,,,,,,,,,,,,,,,,,,,
R_2ydV3pZh87z2xtD,Default Response Set,Anonymous,,,205.175.106.185,0,2018-11-19 12:40:35,2018-11-19 13:00:08,1,71272,1,1,1,1,5,6,3,4,1,6,6,5,2,1,1,7,1,6,1,1,7,1,6,1,1,7,1,6,1,1,7,1,6,1,3,6,1,4,1,1,6,1,7,1,6,2,1,4,1,1,7,1,7,1,1,7,1,7,1,1,7,1,7,1,1,7,1,7,1,1,7,1,7,1,,1,1,1,1,1,,,1,1,1,,,1,,1,1,1,1,1,,,1,1,1,,,8.654,65.836,66.919,16,5,5,6,5,5,6,5,2,2,2,28.34,141.308,144.576,24,1,37,37,61,46,44,50,50,50,43,52,8.434,66.324,66.817,19,6,5,5,5,5,6,5,2,2,3,3.059,56.931,57.828,18,1,18,35,55,50,44,50,50,46,24,50,,,,,,,,,,,,,,,,,,,,,,,,,,,,,,,,,,,,,,,,,,,,,,,,,,,,,,,,,,,,,,,,,,,,,,,,,,,,,,,,,,,,,
R_3g7TTGijtpta6xX,Default Response Set,Anonymous,,,205.175.106.93,0,2018-11-19 13:43:37,2018-11-19 14:05:43,1,71799,1,1,1,,,,,,,,,,,,,,,,,,,,,,,,,,,,,,,,,,,,,,,,,,,,,,,,,,,,,,,,,,,,,,,,,,,,,,,,,,,,,,,,,,,,,,,,,,,,,,,,,,,6.539,112.248,115.173,11,2,6,2,6,6,6,6,2,2,2,26.908,128.254,128.257,10,1,20,20,80,20,20,,,20,20,20,74.256,105.149,106.17,10,2,6,2,6,6,6,6,2,2,2,5.524,137.418,138.897,11,1,20,20,80,20,20,80,80,20,20,20,1,2,5,2,5,1,5,4,3,5,1,1,7,1,7,1,1,7,1,7,1,1,7,1,7,1,4,4,3,5,1,3,5,3,5,1,1,5,2,6,1,4,4,4,4,1,1,7,1,7,1,1,7,1,7,1,8,14,8,14,1,1,7,1,7,1,1,7,1,7,1,,1,1,1,,1,,,1,1,1,,,1
R_BKye0l4jSmgJuJH,Default Response Set,Anonymous,,,205.175.97.165,0,2018-11-19 14:48:07,2018-11-19 14:59:02,1,71620,1,1,1,,,,,,,,,,,,,,,,,,,,,,,,,,,,,,,,,,,,,,,,,,,,,,,,,,,,,,,,,,,,,,,,,,,,,,,,,,,,,,,,,,,,,,,,,,,,,,,,,,,27.225,102.121,102.749,11,7,1,7,1,1,5,6,5,3,5,2.952,22.646,23.362,11,1,30,31,74,38,33,50,50,50,13,50,3.959,61.611,62.2,10,7,1,7,1,1,6,1,5,1,7,6.845,51.701,52.607,15,1,27,50,30,8,35,50,50,22,18,50,1,7,7,4,1,1,7,7,4,1,1,7,7,4,1,1,7,7,4,1,1,7,7,4,1,1,7,7,4,1,1,7,7,4,1,1,7,5,4,1,1,7,7,4,1,1,7,7,4,1,1,7,7,4,1,1,14,14,11,8,1,7,7,4,1,1,7,7,4,1,,,,,,,,1,1,1,1,1,1,1,
R_8DttoEqJfuRL0RP,Default Response Set,Anonymous,,,174.149.162.231,0,2018-11-19 15:19:15,2018-11-19 15:39:15,1,72027,1,1,1,,,,,,,,,,,,,,,,,,,,,,,,,,,,,,,,,,,,,,,,,,,,,,,,,,,,,,,,,,,,,,,,,,,,,,,,,,,,,,,,,,,,,,,,,,,,,,,,,,,12.069,56.614,57.568,11,6,2,6,2,2,6,4,3,3,3,6.917,31.481,32.405,12,1,25,24,51,24,29,51,51,51,43,51,8.825,124.514,128.063,14,6,4,6,5,2,6,2,3,6,6,35.323,75.341,76.622,11,1,20,14,51,40,40,51,51,10,43,51,1,4,4,3,4,1,3,4,4,4,1,2,6,2,6,1,2,6,2,6,1,1,7,2,6,1,4,4,4,4,1,4,4,3,5,1,4,5,4,4,1,1,6,4,4,1,2,6,2,6,1,3,6,2,5,1,10,13,10,12,1,4,6,4,4,1,4,5,4,4,,,1,1,1,1,1,,,1,1,1,,,
R_3lLAup7A7ZkrlXp,Default Response Set,Anonymous,,,73.254.176.164,0,2018-11-19 18:39:29,2018-11-19 18:55:34,1,72469,1,1,1,1,5,3,3,2,1,6,3,4,2,1,6,3,4,2,1,2,6,2,4,1,2,6,2,4,1,5,3,5,2,1,5,3,5,3,1,3,5,4,2,1,6,2,4,2,1,3,5,3,4,1,2,6,3,4,1,2,5,3,4,1,3,5,3,4,1,3,5,3,4,,,,1,1,,,,,,1,1,,,,,1,1,1,1,1,,,1,1,1,,,8.681,68.973,70.7,10,6,3,6,5,5,4,5,2,2,2,37.76,125.848,125.854,13,1,50,40,60,35,36,,,35,35,42,15.079,47.015,48.497,10,4,5,3,5,5,4,4,2,2,2,63.366,110.878,112.179,13,1,43,30,54,35,35,54,53,35,35,43,,,,,,,,,,,,,,,,,,,,,,,,,,,,,,,,,,,,,,,,,,,,,,,,,,,,,,,,,,,,,,,,,,,,,,,,,,,,,,,,,,,,,
R_1IRkfa5WgIgEUVn,Default Response Set,Anonymous,,,75.151.122.221,0,2018-11-12 21:20:20,2018-11-12 21:33:23,0,72546,1,1,1,1,5,3,4,4,1,6,2,5,2,1,1,7,2,4,1,1,7,4,4,1,1,7,4,4,1,5,2,4,4,1,5,3,4,4,1,6,5,6,3,1,6,3,6,3,1,3,5,2,3,1,2,3,4,4,1,2,5,4,4,1,5,3,3,5,1,3,5,4,5,,1,,,,,,,,1,1,1,,,1,1,,,,,,,,1,1,1,1,1,4.834,42.16,43.645,13,5,3,5,4,5,6,5,1,2,1,3.475,33.111,33.87,15,1,60,60,29,57,37,24,20,44,39,61,8.243,54.106,55.613,10,3,2,4,5,5,5,3,3,4,3,19.156,52.963,53.732,12,1,20,64,43,20,32,17,16,11,19,84,,,,,,,,,,,,,,,,,,,,,,,,,,,,,,,,,,,,,,,,,,,,,,,,,,,,,,,,,,,,,,,,,,,,,,,,,,,,,,,,,,,,,
R_10I3uKCCa1Nud8M,Default Response Set,Anonymous,,,67.170.71.28,0,2018-11-19 21:15:19,2018-11-19 21:34:25,1,72140,1,1,1,,,,,,,,,,,,,,,,,,,,,,,,,,,,,,,,,,,,,,,,,,,,,,,,,,,,,,,,,,,,,,,,,,,,,,,,,,,,,,,,,,,,,,,,,,,,,,,,,,,19.307,77.881,78.967,10,7,5,7,4,4,5,4,3,2,3,21.335,160.88,161.879,21,1,48,40,55,51,40,55,49,45,40,45,13.864,78.772,79.538,12,7,5,7,5,5,5,6,3,2,3,5.786,55.529,56.379,10,1,45,40,48,45,55,49,43,35,30,43,1,5,3,5,3,1,6,3,5,4,1,6,2,5,2,1,6,2,5,2,1,5,3,6,3,1,5,2,5,3,1,6,2,5,2,1,6,2,4,3,1,6,2,4,3,1,6,2,5,4,1,4,5,4,3,1,11,12,11,11,1,7,1,5,4,1,6,2,5,3,1,1,,,,,,,,1,1,1,,,1
R_33gnSAAAZNamJaE,Default Response Set,Anonymous,,,205.175.106.32,0,2018-11-20 11:38:21,2018-11-20 11:54:11,1,72600,1,1,1,,,,,,,,,,,,,,,,,,,,,,,,,,,,,,,,,,,,,,,,,,,,,,,,,,,,,,,,,,,,,,,,,,,,,,,,,,,,,,,,,,,,,,,,,,,,,,,,,,,0,0,0,0,,,,,,,,,,,7.808,38.518,39.984,18,1,22,23,77,9,9,50,50,36,36,50,6.003,56.195,57.663,13,5,5,4,5,2,6,6,2,3,5,16.274,79.198,80.944,18,1,25,10,75,15,25,50,50,11,11,50,1,6,2,4,1,1,5,4,4,2,1,2,6,2,4,1,2,6,2,4,1,2,6,4,2,1,4,4,4,4,1,5,3,4,4,1,4,5,3,2,1,6,6,4,2,1,6,2,3,3,1,5,3,2,3,1,13,9,11,10,1,4,5,5,3,1,3,4,4,3,1,1,,,,,1,,,1,1,1,,,1
R_3JCyxjA5MHqg58s,Default Response Set,Anonymous,,,205.175.106.213,0,2018-11-20 11:38:25,2018-11-20 12:37:19,1,72339,1,1,1,1,2,3,2,6,1,1,3,3,5,1,1,3,1,7,1,1,5,1,7,1,1,5,1,7,1,5,2,2,2,1,5,2,2,6,1,2,1,2,6,1,6,3,4,5,1,1,5,1,7,1,1,3,1,6,1,1,3,1,7,1,1,3,1,7,1,1,3,1,7,1,1,,,,1,1,,,1,1,1,,,1,,,,,1,1,,,1,1,1,,,10.348,148.766,152.471,11,1,7,1,7,7,7,7,1,1,7,44.574,108.451,109.869,15,1,14,18,90,22,5,62,63,27,13,12,8.102,82.294,83.493,14,2,6,2,6,6,6,5,1,3,1,4.203,42.265,43.703,12,1,15,14,65,20,19,55,55,0,0,11,,,,,,,,,,,,,,,,,,,,,,,,,,,,,,,,,,,,,,,,,,,,,,,,,,,,,,,,,,,,,,,,,,,,,,,,,,,,,,,,,,,,,
R_6ygxBgnSzWm2nlv,Default Response Set,Anonymous,,,205.175.106.241,0,2018-11-20 12:34:03,2018-11-20 12:55:10,1,72273,1,1,1,,,,,,,,,,,,,,,,,,,,,,,,,,,,,,,,,,,,,,,,,,,,,,,,,,,,,,,,,,,,,,,,,,,,,,,,,,,,,,,,,,,,,,,,,,,,,,,,,,,3.325,36.996,38.963,20,1,7,1,2,6,7,7,1,1,1,8.413,40.781,41.496,16,1,50,42,74,33,29,77,66,48,38,35,6.534,61.462,61.743,23,1,7,1,7,7,7,7,1,7,1,4.662,45.591,52.23,15,1,23,19,87,4,22,80,80,0,0,0,1,3,1,2,7,1,7,1,7,3,1,1,7,1,7,1,1,7,1,7,1,1,7,1,7,1,1,1,1,7,1,1,1,1,7,1,1,4,1,5,1,4,4,4,4,1,1,5,1,4,1,1,1,1,6,1,8,8,8,12,1,1,1,1,5,1,1,2,1,7,1,,1,1,1,1,1,,,1,1,1,,,1
R_2YkNkJDEbazSNuT,Default Response Set,Anonymous,,,205.175.118.252,0,2018-11-20 14:31:24,2018-11-20 14:50:45,1,71793,1,1,1,,,,,,,,,,,,,,,,,,,,,,,,,,,,,,,,,,,,,,,,,,,,,,,,,,,,,,,,,,,,,,,,,,,,,,,,,,,,,,,,,,,,,,,,,,,,,,,,,,,9.333,67.213,68.305,15,3,5,3,4,5,6,3,2,3,3,8.44,41.479,42.132,11,1,50,33,57,28,34,43,58,35,0,50,9.407,74.318,75.035,15,5,4,3,5,4,6,2,4,5,5,17.28,157.702,158.435,17,1,49,26,62,26,35,51,60,39,12,39,1,6,2,4,2,1,6,2,2,2,1,6,2,4,4,1,6,2,4,2,1,5,3,4,4,1,5,3,4,3,1,5,3,4,3,1,6,3,4,4,1,6,2,4,2,1,6,2,3,3,1,5,3,3,4,1,11,11,10,11,1,5,3,5,4,1,5,3,4,4,1,1,,,,1,1,,,1,1,1,,,1
R_3iX5Svytz0CqE4O,Default Response Set,Anonymous,,,205.175.106.124,0,2018-11-20 15:35:34,2018-11-20 15:52:36,1,72487,1,1,1,,,,,,,,,,,,,,,,,,,,,,,,,,,,,,,,,,,,,,,,,,,,,,,,,,,,,,,,,,,,,,,,,,,,,,,,,,,,,,,,,,,,,,,,,,,,,,,,,,,5.884,52.321,53.421,12,7,1,7,1,1,1,2,4,4,6,22.031,94.533,96.434,23,1,20,20,50,50,50,50,50,50,30,50,7.051,44.403,45.386,11,7,1,7,1,1,1,1,4,4,5,47.125,99.49,104.584,11,1,50,30,50,50,50,50,50,50,50,50,1,7,7,7,1,1,7,3,7,1,1,7,6,4,2,1,7,1,7,1,1,7,1,7,1,1,7,1,7,1,1,7,1,7,1,1,7,5,7,1,1,7,2,7,1,1,6,1,4,4,1,7,5,7,1,1,14,13,14,8,1,7,6,7,1,1,7,6,7,1,,,,1,,,,,,1,1,1,,,
R_1pusetxapcTT2Fr,Default Response Set,Anonymous,,,205.175.106.248,0,2018-11-20 16:50:34,2018-11-20 17:03:26,1,72453,1,1,1,1,6,5,4,2,1,5,4,5,2,1,6,5,4,2,1,3,6,2,4,1,2,6,3,4,1,6,5,4,4,1,4,4,4,4,1,4,4,4,4,1,4,4,4,4,1,3,5,3,5,1,5,4,4,4,1,4,4,4,4,1,3,5,3,5,1,3,5,3,5,,,,1,1,,,,,,1,1,,,1,1,,,1,1,1,,,1,1,1,,,4.713,49.951,50.762,12,4,4,4,4,5,3,5,3,3,3,2.648,38.139,38.905,22,1,40,37,31,37,44,43,41,49,36,43,7.425,26.368,29.495,15,3,3,4,4,3,4,4,3,4,5,3.96,14.776,15.611,18,1,42,45,46,44,48,44,42,31,46,44,,,,,,,,,,,,,,,,,,,,,,,,,,,,,,,,,,,,,,,,,,,,,,,,,,,,,,,,,,,,,,,,,,,,,,,,,,,,,,,,,,,,,
R_264qk4ZeAHzPsyp,Default Response Set,Anonymous,,,205.175.107.87,0,2018-11-13 18:06:07,2018-11-13 18:06:25,0,71958,1,1,1,,,,,,,,,,,,,,,,,,,,,,,,,,,,,,,,,,,,,,,,,,,,,,,,,,,,,,,,,,,,,,,,,,,,,,,,,,,,,,,,,,,,,,,,,,,,,,,,,,,,,,,,,,,,,,,,,,,,,,,,,,,,,,,,,,,,,,,,,,,,,,,,,,,,,,,,,,,,,,,,,,,,,,,,,,,,,,,,,,,,,,,,,,,,,,,,,,,,,,,,,,,,,,,,,,,,,,,,,,,,,,,,,,,,,,,,,,,,,,,,,
R_YVuLxFJibEmeBl7,Default Response Set,Anonymous,,,198.134.98.50,0,2018-11-20 18:33:25,2018-11-20 18:47:04,1,71437,1,1,1,,,,,,,,,,,,,,,,,,,,,,,,,,,,,,,,,,,,,,,,,,,,,,,,,,,,,,,,,,,,,,,,,,,,,,,,,,,,,,,,,,,,,,,,,,,,,,,,,,,10.113,62.074,63.723,12,3,5,3,5,5,7,7,1,1,1,6.651,55.479,57.138,15,1,25,25,78,26,32,39,72,51,45,40,6.813,69.047,69.855,10,7,7,3,6,6,7,5,2,2,2,2.966,29.621,30.856,13,1,26,26,76,19,7,53,79,10,17,29,1,3,6,4,4,1,5,4,4,4,1,3,5,4,5,1,5,5,5,5,1,2,6,2,6,1,3,4,3,4,1,4,4,4,4,1,3,4,4,4,1,2,5,4,4,1,3,5,4,4,1,1,7,1,7,1,9,13,9,13,1,2,6,2,6,1,2,6,2,6,,1,1,1,,,1,,,1,1,1,,,1
R_2rjudNTbjYvQJYc,Default Response Set,Anonymous,,,205.175.97.206,0,2018-11-12 17:16:28,2018-11-13 20:38:41,0,71943,1,1,1,1,1,2,4,2,,,,,,,,,,,,,,,,,,,,,,,,,,,,,,,,,,,,,,,,,,,,,,,,,,,,,,,,,,,,,,,,,,,,,,,,,,,,,,,,,,,,,,,,,,,,,,,,,,,,,,,,,,,,,,,,,,,,,,,,,,,,,,,,,,,,,,,,,,,,,,,,,,,,,,,,,,,,,,,,,,,,,,,,,,,,,,,,,,,,,,,,,,,,,,,,,,,,,,,,,,,,,,,,,,,,,,,,,,,,,,,,,,,,,,,,,,,,
R_3iJXNAYqwoMjrkv,Default Response Set,Anonymous,,,73.97.151.89,0,2018-11-20 21:22:57,2018-11-20 21:36:56,1,71327,1,1,1,1,5,4,2,5,1,6,3,5,3,1,2,5,1,3,1,2,6,2,5,1,6,6,3,1,1,6,3,4,2,1,6,3,4,2,1,7,4,6,1,1,7,3,5,1,1,2,6,1,5,1,3,5,1,4,1,2,5,1,4,1,6,4,6,2,1,6,2,6,2,1,1,,,,1,1,,,1,1,1,,,,,1,1,1,,,,,1,1,1,,,3.987,58.762,59.467,28,4,6,3,5,4,6,6,2,3,3,8.541,66.132,67.054,13,1,18,7,85,22,15,87,85,50,11,8,4.735,45.693,46.875,24,5,7,2,6,3,5,6,3,3,2,11.747,44.552,45.184,19,1,17,11,83,1,6,81,84,1,5,2,,,,,,,,,,,,,,,,,,,,,,,,,,,,,,,,,,,,,,,,,,,,,,,,,,,,,,,,,,,,,,,,,,,,,,,,,,,,,,,,,,,,,
R_1q2MEhtHsnYzSLo,Default Response Set,Anonymous,,,76.121.53.226,0,2018-11-14 19:25:26,2018-11-14 19:30:29,0,71883,1,1,1,,,,,,,,,,,,,,,,,,,,,,,,,,,,,,,,,,,,,,,,,,,,,,,,,,,,,,,,,,,,,,,,,,,,,,,,,,,,,,,,,,,,,,,,,,,,,,,,,,,,,,,,,,,,,,,,,,,,,,,,,,,,,,,,,,,,,,,,,,,,,,,,,,,,,,,,,,,,,,,,,,,,,,,,,,,,,,,,,,,,,,,,,,,,,,,,,,,,,,,,,,,,,,,,,,,,,,,,,,,,,,,,,,,,,,,,,,,,,,,,,
R_3qIJT4BrbXNvRrH,Default Response Set,Anonymous,,,104.235.191.244,0,2018-11-21 20:59:26,2018-11-21 21:31:53,1,71306,1,1,1,,,,,,,,,,,,,,,,,,,,,,,,,,,,,,,,,,,,,,,,,,,,,,,,,,,,,,,,,,,,,,,,,,,,,,,,,,,,,,,,,,,,,,,,,,,,,,,,,,,8.312,66.043,66.856,14,3,7,3,6,7,6,7,1,1,1,8.171,66.321,67.225,14,1,20,20,90,32,20,68,75,65,40,20,10.521,65.337,66.88,10,6,2,6,2,2,6,4,2,2,2,275.309,455.435,456.125,18,1,27,28,68,35,42,50,50,0,25,25,1,2,2,1,6,1,5,1,3,4,1,5,4,2,6,1,7,1,4,4,1,2,6,2,6,1,2,3,2,6,1,3,3,2,6,1,1,5,1,7,1,2,5,2,6,1,1,5,1,7,1,1,1,1,7,1,8,8,8,14,1,1,2,2,6,1,1,2,1,7,1,1,,,1,1,1,1,1,,,,1,1,1
R_1QLCvPejQinLxuC,Default Response Set,Anonymous,,,73.118.213.253,0,2018-11-22 21:28:56,2018-11-22 21:46:02,1,71268,1,1,1,1,4,4,4,2,1,4,5,5,3,1,2,6,2,6,1,1,7,1,7,1,1,7,1,7,1,4,4,4,4,1,4,4,4,4,1,2,6,1,5,1,4,4,4,4,1,2,6,2,6,1,5,5,2,5,1,2,6,2,5,1,2,5,2,5,1,1,6,2,6,,,1,1,1,,,,,1,1,1,,,1,,1,1,1,1,1,1,,1,1,1,1,1,9.446,52.289,58.349,12,2,4,3,5,6,6,6,3,3,3,6.758,51.884,52.794,17,1,50,50,75,36,37,60,61,50,26,50,7.037,110.56,114.24,17,2,4,3,5,6,5,4,3,4,3,40.469,96.51,99.688,13,1,44,49,50,39,15,57,61,0,0,15,,,,,,,,,,,,,,,,,,,,,,,,,,,,,,,,,,,,,,,,,,,,,,,,,,,,,,,,,,,,,,,,,,,,,,,,,,,,,,,,,,,,,
R_2Sk51DxAjwR043P,Default Response Set,Anonymous,,,76.220.74.76,0,2018-11-23 00:08:43,2018-11-23 00:24:03,1,71553,1,1,1,1,4,5,2,4,1,6,3,4,3,1,5,2,4,4,1,1,6,2,6,1,1,6,2,6,1,5,3,4,3,1,5,3,4,2,1,4,5,4,3,1,4,4,4,4,1,5,4,3,5,1,5,5,3,5,1,4,4,4,4,1,3,5,3,4,1,3,5,3,4,,,1,1,1,,,,,1,1,1,,,1,,1,,1,,,,,1,1,1,1,1,9.421,54.589,55.446,11,5,4,5,3,4,4,4,4,4,4,29.707,82.059,82.969,13,1,40,40,60,48,48,52,52,48,42,50,5.168,34.964,36.59,12,6,4,5,4,4,3,4,4,4,4,3.982,35.919,37.009,13,1,34,34,56,43,41,52,53,40,41,48,,,,,,,,,,,,,,,,,,,,,,,,,,,,,,,,,,,,,,,,,,,,,,,,,,,,,,,,,,,,,,,,,,,,,,,,,,,,,,,,,,,,,
R_2w0KO3s1fyCWXl0,Default Response Set,Anonymous,,,73.193.22.219,0,2018-11-24 13:00:54,2018-11-24 13:16:11,1,71319,1,1,1,1,2,5,1,6,1,3,5,4,4,1,1,6,1,7,1,1,7,1,7,1,1,6,1,7,1,1,5,1,6,1,1,6,1,6,1,2,6,2,6,1,6,4,1,2,1,1,7,1,7,1,1,5,1,6,1,1,5,1,6,1,1,6,1,6,1,1,5,2,6,1,1,,,,1,1,,,1,1,1,,,1,,1,1,1,1,1,,,1,1,1,,,3.158,35.684,47.291,12,1,7,1,7,7,7,7,1,1,1,3.347,20.072,23.027,11,1,0,0,100,0,0,100,100,0,0,0,3.688,30.239,31.944,11,1,7,1,7,7,7,7,1,1,1,22.596,46.029,54.724,10,1,0,0,100,0,0,100,100,0,0,0,,,,,,,,,,,,,,,,,,,,,,,,,,,,,,,,,,,,,,,,,,,,,,,,,,,,,,,,,,,,,,,,,,,,,,,,,,,,,,,,,,,,,
R_3saxw8HvRWrxpHw,Default Response Set,Anonymous,,,205.175.106.69,0,2018-11-24 18:24:47,2018-11-24 18:40:15,1,71777,1,1,1,,,,,,,,,,,,,,,,,,,,,,,,,,,,,,,,,,,,,,,,,,,,,,,,,,,,,,,,,,,,,,,,,,,,,,,,,,,,,,,,,,,,,,,,,,,,,,,,,,,7.824,44.474,45.941,10,3,4,3,5,5,4,5,1,2,2,66.437,137.799,138.762,25,1,45,35,70,25,15,55,50,35,25,50,36.963,59.014,60.985,11,3,3,3,3,5,4,4,3,3,3,5.529,53.43,55.128,15,1,15,15,30,5,5,55,50,2,5,50,1,6,3,4,4,1,6,3,4,5,1,6,5,6,5,1,6,3,6,3,1,4,5,3,5,1,6,3,4,3,1,6,3,4,3,1,6,5,5,4,1,6,3,4,2,1,6,3,4,3,1,6,3,4,3,1,13,10,11,10,1,6,3,4,3,1,6,3,4,3,,,,,1,,,,,1,1,1,,,
R_3Dikd8Q19gRWSQA,Default Response Set,Anonymous,,,24.16.70.68,0,2018-11-24 19:10:59,2018-11-24 19:29:25,1,71383,1,1,1,,,,,,,,,,,,,,,,,,,,,,,,,,,,,,,,,,,,,,,,,,,,,,,,,,,,,,,,,,,,,,,,,,,,,,,,,,,,,,,,,,,,,,,,,,,,,,,,,,,14.93,80.597,82.226,11,5,5,5,4,6,6,6,2,2,2,29.189,96.613,98.396,12,1,20,30,80,20,20,60,60,40,10,40,8.163,61.353,62.3,11,6,2,6,3,5,3,3,4,3,5,9.599,66.672,68.284,12,1,10,30,40,10,30,50,50,10,10,50,1,6,2,1,1,1,6,2,2,2,1,5,5,2,5,1,6,2,4,2,1,3,6,2,5,1,3,6,2,4,1,4,4,4,4,1,2,6,2,4,1,3,5,4,4,1,2,6,2,4,1,2,6,2,4,1,11,11,11,11,1,2,6,2,4,1,2,6,2,4,,,1,,,1,1,,,,,1,,,1
R_2R1YIWepm8p78gF,Default Response Set,Anonymous,,,205.175.106.238,0,2018-11-25 18:44:17,2018-11-25 19:19:57,1,71999,1,1,1,,,,,,,,,,,,,,,,,,,,,,,,,,,,,,,,,,,,,,,,,,,,,,,,,,,,,,,,,,,,,,,,,,,,,,,,,,,,,,,,,,,,,,,,,,,,,,,,,,,28.561,75.854,76.551,11,6,5,6,3,5,5,3,2,2,2,3.849,44.562,45.383,18,1,45,50,40,50,50,50,55,51,45,50,9.087,436.673,437.384,10,6,3,6,5,5,4,2,2,2,2,30.26,167.061,167.868,21,1,25,45,50,50,50,55,55,50,40,50,1,3,5,3,5,1,6,2,4,2,1,4,4,4,4,1,2,6,2,6,1,1,7,1,7,1,4,4,4,4,1,4,4,4,4,1,4,4,3,5,1,6,3,4,2,1,4,4,3,4,1,4,4,3,5,1,11,11,10,12,1,3,5,3,5,1,3,5,3,5,1,,1,1,1,,,1,,1,1,1,,,
R_czQAZuvqBn00MGl,Default Response Set,Anonymous,,,73.254.86.228,0,2018-11-18 21:21:11,2018-11-18 21:21:26,0,72323,1,1,1,,,,,,,,,,,,,,,,,,,,,,,,,,,,,,,,,,,,,,,,,,,,,,,,,,,,,,,,,,,,,,,,,,,,,,,,,,,,,,,,,,,,,,,,,,,,,,,,,,,,,,,,,,,,,,,,,,,,,,,,,,,,,,,,,,,,,,,,,,,,,,,,,,,,,,,,,,,,,,,,,,,,,,,,,,,,,,,,,,,,,,,,,,,,,,,,,,,,,,,,,,,,,,,,,,,,,,,,,,,,,,,,,,,,,,,,,,,,,,,,,
R_OJr8bT0Jtz3ji8N,Default Response Set,Anonymous,,,96.89.136.1,0,2018-11-25 23:16:57,2018-11-25 23:35:09,1,72001,1,1,1,,,,,,,,,,,,,,,,,,,,,,,,,,,,,,,,,,,,,,,,,,,,,,,,,,,,,,,,,,,,,,,,,,,,,,,,,,,,,,,,,,,,,,,,,,,,,,,,,,,9.417,84.588,85.682,18,3,5,3,6,7,7,7,2,2,2,5.102,45.42,46.363,14,1,29,29,90,17,29,54,55,14,29,40,7.789,81.693,82.489,25,5,3,3,5,7,7,7,2,5,5,26.145,91.403,92.373,22,1,25,16,71,18,22,53,53,10,18,48,1,5,2,3,5,1,6,2,2,2,1,1,6,1,7,1,1,5,1,7,1,1,5,1,7,1,6,2,4,2,1,5,2,4,3,1,5,3,4,3,1,6,5,2,2,1,1,3,1,5,1,1,3,1,5,1,8,10,8,12,1,3,4,3,6,1,2,2,2,6,1,,,1,,1,1,,,1,1,1,,,1
R_3Mii1cPl9ot4tCU,Default Response Set,Anonymous,,,205.175.106.28,0,2018-11-26 00:00:18,2018-11-26 00:06:58,1,71589,1,1,1,,,,,,,,,,,,,,,,,,,,,,,,,,,,,,,,,,,,,,,,,,,,,,,,,,,,,,,,,,,,,,,,,,,,,,,,,,,,,,,,,,,,,,,,,,,,,,,,,,,5.457,26.469,27.212,12,3,4,4,4,5,5,5,4,5,4,6.574,22.77,23.456,12,1,35,32,72,29,29,68,77,73,36,64,3.675,30.191,30.453,16,5,4,5,5,5,5,4,4,3,4,2.245,12.493,13.447,11,1,40,38,35,37,38,67,69,31,24,23,1,5,6,4,4,1,6,6,4,4,1,4,6,4,5,1,4,4,4,6,1,3,6,4,6,1,5,4,4,4,1,5,4,4,4,1,6,4,4,4,1,6,4,4,4,1,6,4,4,6,1,3,4,4,4,1,11,11,11,12,1,3,4,4,5,1,4,4,4,5,,,1,1,1,,,,,1,1,1,,,
R_1HUuhaNak6H4ANz,Default Response Set,Anonymous,,,173.160.201.201,0,2018-11-26 01:43:25,2018-11-26 02:05:01,1,71608,1,1,1,,,,,,,,,,,,,,,,,,,,,,,,,,,,,,,,,,,,,,,,,,,,,,,,,,,,,,,,,,,,,,,,,,,,,,,,,,,,,,,,,,,,,,,,,,,,,,,,,,,8.047,60.736,61.589,10,5,5,5,2,6,2,6,2,2,2,82.792,124.469,125.312,11,1,28,27,65,15,17,62,63,27,24,48,11.023,52.928,54.811,12,2,6,2,6,6,6,6,1,1,1,5.671,40.36,41.823,11,1,15,6,72,4,4,70,70,0,2,3,1,7,5,4,4,1,7,3,4,4,1,7,5,4,4,1,7,2,4,4,1,7,5,4,4,1,7,2,4,4,1,7,2,4,4,1,7,2,3,5,1,7,5,4,4,1,7,5,2,6,1,7,6,2,6,1,14,13,9,13,1,7,2,3,3,1,7,3,3,3,,,,,,,,,,1,1,,,,
R_3Pn5KufCT437HcF,Default Response Set,Anonymous,,,205.175.106.183,0,2018-11-26 13:08:49,2018-11-26 13:25:36,1,71806,1,1,1,1,6,4,4,4,1,5,5,4,4,1,4,5,4,4,1,3,5,3,5,1,2,6,2,4,1,5,5,4,4,1,6,5,5,2,1,6,5,5,3,1,6,5,6,3,1,6,6,6,2,1,6,5,6,2,1,6,3,6,2,1,6,5,6,2,1,6,5,6,2,,,,1,,,,,,,1,,,,,,,1,,,,,,,1,,,,6.131,47.376,48.054,10,7,1,7,1,1,1,1,5,4,7,17.861,81.679,82.63,20,1,50,42,47,50,45,50,50,47,50,50,4.113,50.472,50.94,13,7,1,7,1,1,1,1,6,6,7,7.598,34.777,35.702,14,1,50,50,50,50,50,50,50,50,50,50,,,,,,,,,,,,,,,,,,,,,,,,,,,,,,,,,,,,,,,,,,,,,,,,,,,,,,,,,,,,,,,,,,,,,,,,,,,,,,,,,,,,,
R_8vmPgUcCsdazTHP,Default Response Set,Anonymous,,,205.175.106.202,0,2018-11-26 14:13:37,2018-11-26 14:30:43,1,72916,1,1,1,1,2,4,1,7,1,4,4,4,4,1,1,7,1,7,1,1,7,1,7,1,1,7,1,7,1,3,5,1,5,1,3,4,4,5,1,1,6,3,6,1,4,4,4,4,1,1,6,1,7,1,1,4,1,5,1,1,6,1,5,1,1,7,1,7,1,1,4,1,7,1,1,1,1,1,1,1,,,1,1,1,,,1,1,1,1,1,1,1,,,1,1,1,,,8.213,43.974,44.801,12,3,6,2,6,7,5,7,1,1,1,4.214,35.098,36.316,14,1,50,25,92,30,28,37,47,43,25,43,8.425,53.259,54.45,13,2,6,2,7,7,4,6,1,2,1,14.692,43.734,46.065,11,1,27,27,79,29,18,50,42,27,12,13,,,,,,,,,,,,,,,,,,,,,,,,,,,,,,,,,,,,,,,,,,,,,,,,,,,,,,,,,,,,,,,,,,,,,,,,,,,,,,,,,,,,,
R_3PgDsVrqXbtfLRD,Default Response Set,Anonymous,,,205.175.106.91,0,2018-11-26 14:36:48,2018-11-26 14:49:48,1,71409,1,1,1,1,4,4,4,2,1,2,4,1,4,1,1,7,1,7,1,1,7,1,7,1,1,7,1,7,1,4,2,4,4,1,4,3,3,4,1,2,5,1,6,1,5,2,3,4,1,1,5,1,7,1,1,7,1,7,1,1,5,1,7,1,1,5,1,7,1,1,5,1,7,,1,1,1,1,1,1,,,1,1,1,,,1,,1,1,1,1,1,,,1,1,1,,,4.156,41.667,44.512,11,1,7,1,7,7,7,7,1,1,1,11.771,171.975,173.033,20,1,34,24,96,5,0,50,65,9,3,19,10.34,38.476,39.505,10,1,7,1,7,7,7,7,1,1,1,7.99,51.756,53.208,17,1,1,12,75,0,7,50,79,0,0,88,,,,,,,,,,,,,,,,,,,,,,,,,,,,,,,,,,,,,,,,,,,,,,,,,,,,,,,,,,,,,,,,,,,,,,,,,,,,,,,,,,,,,
R_1CdYga1uEUAmisa,Default Response Set,Anonymous,,,205.175.106.131,0,2018-11-26 15:15:13,2018-11-26 15:25:14,1,72885,1,1,1,,,,,,,,,,,,,,,,,,,,,,,,,,,,,,,,,,,,,,,,,,,,,,,,,,,,,,,,,,,,,,,,,,,,,,,,,,,,,,,,,,,,,,,,,,,,,,,,,,,31.062,48.265,48.819,14,4,3,4,5,4,5,4,3,4,4,9.441,33.55,34.79,18,1,44,38,66,62,38,62,41,36,36,38,1.518,10.777,12.169,10,3,5,4,4,4,3,5,4,4,4,193.223,222.243,223.701,21,1,44,46,43,42,36,60,39,42,39,33,1,6,3,3,3,1,6,3,4,4,1,3,3,3,3,1,4,4,4,4,1,2,3,3,5,1,2,3,3,5,1,3,3,3,5,1,4,4,4,4,1,2,2,4,4,1,2,3,3,3,1,2,3,3,3,1,10,10,10,10,1,2,3,3,3,1,3,3,3,4,1,,,,,,,,,1,,,,,1
R_2THOzLT2w6y6ERt,Default Response Set,Anonymous,,,205.175.106.40,0,2018-11-26 15:39:28,2018-11-26 16:02:24,1,71541,1,1,1,,,,,,,,,,,,,,,,,,,,,,,,,,,,,,,,,,,,,,,,,,,,,,,,,,,,,,,,,,,,,,,,,,,,,,,,,,,,,,,,,,,,,,,,,,,,,,,,,,,12.032,82.285,83.105,13,3,4,3,1,2,2,6,4,3,5,43,111.128,114.081,16,1,51,29,74,40,47,50,50,45,16,49,62.443,116.633,117.813,11,3,4,4,1,3,1,2,6,3,5,9.79,42.326,45.221,14,1,37,28,54,41,41,50,50,24,25,50,1,6,2,4,2,1,5,5,3,1,1,3,6,2,7,1,7,2,6,3,1,6,2,2,4,1,3,3,2,2,1,5,3,5,4,1,3,5,2,3,1,6,2,3,2,1,2,6,2,3,1,1,7,1,3,1,8,14,8,12,1,5,4,5,2,1,5,4,6,2,,,,,,1,1,,,,,,1,1,
R_2tLmi6Tf08tpn9s,Default Response Set,Anonymous,,,24.22.213.35,0,2018-11-26 19:23:48,2018-11-26 19:44:00,1,71931,1,1,1,1,4,6,5,2,1,6,3,7,2,1,1,7,1,7,1,1,7,1,7,1,1,7,1,7,1,5,3,4,3,1,4,5,4,3,1,5,6,3,6,1,5,3,3,3,1,1,7,1,7,1,7,7,1,7,1,1,7,1,7,1,1,7,1,7,1,1,7,1,7,1,,1,1,1,,1,,,1,1,1,,,1,,1,1,1,1,1,,,1,1,1,,,6.233,61.396,63.649,12,3,6,3,3,6,4,7,1,2,1,34.008,114.855,116.57,16,1,25,15,90,15,10,30,50,15,5,20,8.328,86.614,87.6,12,5,6,3,6,6,7,4,3,4,3,8.905,55.549,56.639,13,1,5,35,80,5,15,50,50,3,5,40,,,,,,,,,,,,,,,,,,,,,,,,,,,,,,,,,,,,,,,,,,,,,,,,,,,,,,,,,,,,,,,,,,,,,,,,,,,,,,,,,,,,,
R_2QlZhXl0BHes21x,Default Response Set,Anonymous,,,73.225.61.229,0,2018-11-26 21:02:04,2018-11-26 21:47:25,1,71837,1,1,1,,,,,,,,,,,,,,,,,,,,,,,,,,,,,,,,,,,,,,,,,,,,,,,,,,,,,,,,,,,,,,,,,,,,,,,,,,,,,,,,,,,,,,,,,,,,,,,,,,,10.86,64.955,66.829,18,5,5,6,5,5,5,6,2,2,2,7.948,80.048,81.542,17,1,30,30,80,35,40,60,60,35,10,40,187.154,319.644,320.905,53,3,4,3,3,5,5,4,3,4,3,5.153,82.127,83.433,19,1,40,40,45,20,35,60,60,0,0,35,1,6,2,3,2,1,6,2,2,2,1,6,5,2,3,1,1,7,1,1,1,1,7,1,1,1,6,2,2,2,1,6,2,2,2,1,6,2,2,2,1,6,2,2,2,1,2,6,2,6,1,6,3,3,3,1,12,10,10,11,1,2,6,2,5,1,5,3,3,5,,,,1,1,,,,,,1,1,,,
R_2wKrTIKeTaLvYd4,Default Response Set,Anonymous,,,205.175.106.15,0,2018-11-26 22:13:40,2018-11-26 22:32:08,1,71841,1,1,1,1,4,6,4,6,1,2,5,4,5,1,6,4,4,3,1,1,7,1,7,1,4,4,3,5,1,4,2,3,5,1,4,5,3,5,1,2,5,2,6,1,4,4,4,4,1,2,5,2,6,1,2,5,2,6,1,2,5,2,6,1,2,6,2,6,1,2,6,2,6,1,1,1,1,1,1,1,,,,1,1,,,1,,1,1,1,1,1,,,1,,1,,,65.137,132.943,134.095,10,2,6,2,6,6,6,6,2,2,2,23.66,122.19,124.196,11,1,30,30,85,15,15,85,60,15,15,25,2.97,48.935,50.136,11,2,7,2,6,2,7,5,1,1,2,5.134,62.613,64.256,13,1,10,10,65,6,6,70,65,0,0,2,,,,,,,,,,,,,,,,,,,,,,,,,,,,,,,,,,,,,,,,,,,,,,,,,,,,,,,,,,,,,,,,,,,,,,,,,,,,,,,,,,,,,
R_3hATXQorTz9yQa6,Default Response Set,Anonymous,,,73.239.25.116,0,2018-11-27 00:29:31,2018-11-27 00:50:34,1,71438,1,1,1,,,,,,,,,,,,,,,,,,,,,,,,,,,,,,,,,,,,,,,,,,,,,,,,,,,,,,,,,,,,,,,,,,,,,,,,,,,,,,,,,,,,,,,,,,,,,,,,,,,21.951,62.046,64.016,13,1,7,1,7,7,6,7,1,1,1,11.605,67.23,68.465,10,1,25,15,85,25,10,65,65,30,30,30,5.035,61.677,63.047,11,1,7,1,7,7,6,7,1,2,2,35.327,132.357,139.966,12,1,15,20,80,12,10,70,70,5,5,20,1,4,4,4,4,1,6,2,4,2,1,1,7,1,6,1,2,6,2,6,1,1,7,1,6,1,3,3,4,4,1,4,4,4,4,1,2,6,3,4,1,6,2,4,4,1,2,6,2,6,1,2,7,2,6,1,9,12,9,12,1,2,5,2,5,1,2,5,2,5,,,1,1,1,,,,,1,1,1,,,1
R_2duSg3TqamhX8RU,Default Response Set,Anonymous,,,71.197.239.221,0,2018-11-27 08:11:59,2018-11-27 08:24:28,1,71783,1,1,1,,,,,,,,,,,,,,,,,,,,,,,,,,,,,,,,,,,,,,,,,,,,,,,,,,,,,,,,,,,,,,,,,,,,,,,,,,,,,,,,,,,,,,,,,,,,,,,,,,,5.002,35.123,36.384,35,5,5,3,5,5,2,5,2,2,2,0.534,17.107,18.003,31,1,18,15,75,20,20,70,59,16,17,17,4.301,48.412,49.355,36,2,7,1,7,5,2,5,2,3,5,0.639,57.111,58.207,75,1,25,35,71,31,30,46,47,17,18,17,1,5,2,2,2,1,6,2,4,2,1,3,5,5,5,1,6,3,3,2,1,1,7,1,6,1,5,3,5,2,1,6,2,6,2,1,6,4,2,3,1,6,5,2,2,1,6,5,2,3,1,4,6,3,6,1,12,12,9,12,1,5,5,3,3,1,6,2,4,2,1,1,,,,,,,,1,1,1,,,1
R_1JXwLazyNrqeWvE,Default Response Set,Anonymous,,,71.197.179.5,0,2018-11-27 02:29:35,2018-11-27 02:30:01,0,71878,1,1,1,,,,,,,,,,,,,,,,,,,,,,,,,,,,,,,,,,,,,,,,,,,,,,,,,,,,,,,,,,,,,,,,,,,,,,,,,,,,,,,,,,,,,,,,,,,,,,,,,,,,,,,,,,,,,,,,,,,,,,,,,,,,,,,,,,,,,,,,,,,,,,,,,,,,,,,,,,,,,,,,,,,,,,,,,,,,,,,,,,,,,,,,,,,,,,,,,,,,,,,,,,,,,,,,,,,,,,,,,,,,,,,,,,,,,,,,,,,,,,,,,