"","R1_1","R1_2","R1_3","R1_4","R2_1","R2_2","R2_3","R2_4","R3_1","R3_2","R3_3","R3_4","R5_1","R5_2","R5_3","R5_4.","R6_1","R6_2","R6_3","R6_4","B1_1","B1_2","B1_3","B1_4","B2_1","B2_2","B2_3","B2_4","B3_1","B3_2","B3_3","B3_4","B5_1","B5_2","B5_3","B5_4.","B6_1","B6_2","B6_3","B6_4","BlkRacismMini_8","BlkRacismMini_9","BlkRacismMini_10","NtvRacismMini_8","NtvRacismMini_9","NtvRacismMini_10","NtvContemporaryInvis_1","NtvContemporaryInvis_2","NtvContemporaryInvis_3","BlkContemporaryInvis_1","BlkContemporaryInvis_2","BlkContemporaryInvis_3","Target"
"1",NA,NA,NA,NA,NA,NA,NA,NA,NA,NA,NA,NA,NA,NA,NA,NA,NA,NA,NA,NA,3,6,2,5,3,4,2,5,2,6,2,6,4,5,3,5,2,6,4,5,3,3,3,NA,NA,NA,NA,NA,NA,3,6,3,0
"2",2,5,2,1,3,5,4,5,2,5,4,5,3,5,4,4,3,5,4,5,NA,NA,NA,NA,NA,NA,NA,NA,NA,NA,NA,NA,NA,NA,NA,NA,NA,NA,NA,NA,NA,NA,NA,2,2,2,4,6,3,NA,NA,NA,1
"3",NA,NA,NA,NA,NA,NA,NA,NA,NA,NA,NA,NA,NA,NA,NA,NA,NA,NA,NA,NA,3,2,5,4,2,1,2,2,3,3,2,5,1,2,1,1,1,2,1,1,5,3,6,NA,NA,NA,NA,NA,NA,4,5,6,0
"4",1,2,1,1,1,1,1,1,1,3,1,1,2,2,1,1,1,3,1,1,NA,NA,NA,NA,NA,NA,NA,NA,NA,NA,NA,NA,NA,NA,NA,NA,NA,NA,NA,NA,NA,NA,NA,1,1,1,1,3,1,NA,NA,NA,1
"5",NA,NA,NA,NA,NA,NA,NA,NA,NA,NA,NA,NA,NA,NA,NA,NA,NA,NA,NA,NA,1,4,3,1,2,6,4,4,6,4,4,4,4,4,6,3,4,5,5,3,4,3,5,NA,NA,NA,NA,NA,NA,3,4,5,0
"6",NA,NA,NA,NA,NA,NA,NA,NA,NA,NA,NA,NA,NA,NA,NA,NA,NA,NA,NA,NA,4,3,3,3,2,2,2,2,3,3,3,3,3,3,3,3,2,2,3,2,3,5,4,NA,NA,NA,NA,NA,NA,1,2,2,0
"7",4,3,3,4,3,4,5,4,6,3,5,3,5,3,4,4,5,4,3,4,NA,NA,NA,NA,NA,NA,NA,NA,NA,NA,NA,NA,NA,NA,NA,NA,NA,NA,NA,NA,NA,NA,NA,4,5,5,4,3,4,NA,NA,NA,1
"8",NA,NA,NA,NA,NA,NA,NA,NA,NA,NA,NA,NA,NA,NA,NA,NA,NA,NA,NA,NA,1,1,1,4,1,1,1,4,1,1,1,4,1,1,1,4,1,1,1,4,1,3,2,NA,NA,NA,NA,NA,NA,1,2,1,0
"9",6,2,4,4,6,2,4,4,6,2,4,4,6,2,4,4,6,2,4,4,NA,NA,NA,NA,NA,NA,NA,NA,NA,NA,NA,NA,NA,NA,NA,NA,NA,NA,NA,NA,NA,NA,NA,5,3,5,3,3,3,NA,NA,NA,1
"10",4,4,3,6,5,4,3,6,5,3,4,6,1,4,4,5,3,5,3,4,NA,NA,NA,NA,NA,NA,NA,NA,NA,NA,NA,NA,NA,NA,NA,NA,NA,NA,NA,NA,NA,NA,NA,3,3,2,3,4,4,NA,NA,NA,1
"11",2,3,2,4,2,3,2,4,2,4,3,4,2,3,2,4,3,3,4,4,NA,NA,NA,NA,NA,NA,NA,NA,NA,NA,NA,NA,NA,NA,NA,NA,NA,NA,NA,NA,NA,NA,NA,2,2,3,4,3,3,NA,NA,NA,1
"12",6,5,4,4,2,3,5,4,3,5,5,3,5,4,6,2,5,4,4,3,NA,NA,NA,NA,NA,NA,NA,NA,NA,NA,NA,NA,NA,NA,NA,NA,NA,NA,NA,NA,NA,NA,NA,3,3,6,4,2,2,NA,NA,NA,1
"13",NA,NA,NA,NA,NA,NA,NA,NA,NA,NA,NA,NA,NA,NA,NA,NA,NA,NA,NA,NA,5,6,4,6,6,6,5,6,4,3,4,6,4,4,3,4,4,4,3,5,6,5,5,NA,NA,NA,NA,NA,NA,2,4,2,0
"14",6,3,5,3,5,4,5,3,5,3,6,2,4,4,4,3,5,4,5,3,NA,NA,NA,NA,NA,NA,NA,NA,NA,NA,NA,NA,NA,NA,NA,NA,NA,NA,NA,NA,NA,NA,NA,4,3,4,4,5,4,NA,NA,NA,1
"15",NA,NA,NA,NA,NA,NA,NA,NA,NA,NA,NA,NA,NA,NA,NA,NA,NA,NA,NA,NA,7,4,4,4,5,4,4,4,5,1,4,4,5,4,4,3,4,4,4,3,3,1,3,NA,NA,NA,NA,NA,NA,1,3,1,0
"16",NA,NA,NA,NA,NA,NA,NA,NA,NA,NA,NA,NA,NA,NA,NA,NA,NA,NA,NA,NA,3,1,3,3,5,6,4,5,5,5,4,4,5,5,5,2,5,6,4,5,5,5,2,NA,NA,NA,NA,NA,NA,5,5,2,0
"17",NA,NA,NA,NA,NA,NA,NA,NA,NA,NA,NA,NA,NA,NA,NA,NA,NA,NA,NA,NA,1,2,1,3,2,2,2,2,2,2,2,5,1,2,1,2,1,2,2,2,2,3,3,NA,NA,NA,NA,NA,NA,2,4,2,0
"18",1,1,1,1,2,2,2,2,2,2,2,2,2,2,2,2,1,1,1,1,NA,NA,NA,NA,NA,NA,NA,NA,NA,NA,NA,NA,NA,NA,NA,NA,NA,NA,NA,NA,NA,NA,NA,2,2,2,2,2,2,NA,NA,NA,1
"19",NA,NA,NA,NA,NA,NA,NA,NA,NA,NA,NA,NA,NA,NA,NA,NA,NA,NA,NA,NA,1,1,1,2,5,6,4,5,1,1,1,2,1,1,1,1,1,1,1,1,3,3,3,NA,NA,NA,NA,NA,NA,1,2,1,0
"20",NA,NA,NA,NA,NA,NA,NA,NA,NA,NA,NA,NA,NA,NA,NA,NA,NA,NA,NA,NA,6,4,2,6,5,4,2,6,6,4,2,6,6,4,4,6,6,4,4,6,3,4,3,NA,NA,NA,NA,NA,NA,2,2,2,0
"21",NA,NA,NA,NA,NA,NA,NA,NA,NA,NA,NA,NA,NA,NA,NA,NA,NA,NA,NA,NA,3,3,4,5,3,3,2,4,3,2,3,5,3,2,2,5,3,2,3,5,3,3,4,NA,NA,NA,NA,NA,NA,2,2,2,0
"22",1,1,1,1,1,3,2,3,2,4,2,3,1,1,1,3,1,1,1,3,NA,NA,NA,NA,NA,NA,NA,NA,NA,NA,NA,NA,NA,NA,NA,NA,NA,NA,NA,NA,NA,NA,NA,1,1,2,2,4,3,NA,NA,NA,1
"23",NA,NA,NA,NA,NA,NA,NA,NA,NA,NA,NA,NA,NA,NA,NA,NA,NA,NA,NA,NA,6,2,5,5,1,2,1,2,1,1,1,1,1,1,1,1,1,2,1,2,2,2,2,NA,NA,NA,NA,NA,NA,2,2,2,0
"24",1,1,1,1,1,1,1,1,2,3,2,3,2,2,2,2,1,1,1,1,NA,NA,NA,NA,NA,NA,NA,NA,NA,NA,NA,NA,NA,NA,NA,NA,NA,NA,NA,NA,NA,NA,NA,2,4,2,5,4,2,NA,NA,NA,1
"25",NA,NA,NA,NA,NA,NA,NA,NA,NA,NA,NA,NA,NA,NA,NA,NA,NA,NA,NA,NA,2,2,2,2,2,4,5,2,2,2,2,2,2,2,2,2,4,4,5,2,3,3,4,NA,NA,NA,NA,NA,NA,2,3,4,0
"26",NA,NA,NA,NA,NA,NA,NA,NA,NA,NA,NA,NA,NA,NA,NA,NA,NA,NA,NA,NA,7,4,7,4,4,1,4,1,4,6,7,1,4,1,7,1,7,4,7,4,7,7,7,NA,NA,NA,NA,NA,NA,4,3,4,0
"27",2,2,2,2,2,2,2,2,2,3,2,2,2,2,2,3,2,3,2,2,NA,NA,NA,NA,NA,NA,NA,NA,NA,NA,NA,NA,NA,NA,NA,NA,NA,NA,NA,NA,NA,NA,NA,2,1,3,4,4,1,NA,NA,NA,1
"28",NA,NA,NA,NA,NA,NA,NA,NA,NA,NA,NA,NA,NA,NA,NA,NA,NA,NA,NA,NA,1,1,1,1,1,1,1,1,1,1,1,1,5,3,3,3,1,1,1,1,1,1,1,NA,NA,NA,NA,NA,NA,3,3,5,0
"29",NA,NA,NA,NA,NA,NA,NA,NA,NA,NA,NA,NA,NA,NA,NA,NA,NA,NA,NA,NA,7,3,6,3,1,1,1,1,1,1,1,1,1,1,1,1,1,1,1,1,1,1,1,NA,NA,NA,NA,NA,NA,1,1,1,0
"30",6,3,2,6,6,6,2,6,6,6,4,4,6,6,2,6,6,6,2,6,NA,NA,NA,NA,NA,NA,NA,NA,NA,NA,NA,NA,NA,NA,NA,NA,NA,NA,NA,NA,NA,NA,NA,2,3,2,2,2,2,NA,NA,NA,1
"31",5,2,2,5,6,3,2,5,5,2,3,5,5,2,3,6,5,2,2,5,NA,NA,NA,NA,NA,NA,NA,NA,NA,NA,NA,NA,NA,NA,NA,NA,NA,NA,NA,NA,NA,NA,NA,6,4,5,3,2,2,NA,NA,NA,1
"32",NA,NA,NA,NA,NA,NA,NA,NA,NA,NA,NA,NA,NA,NA,NA,NA,NA,NA,NA,NA,6,5,5,5,6,4,5,4,6,3,4,4,6,3,4,3,6,5,4,4,3,3,3,NA,NA,NA,NA,NA,NA,2,2,4,0
"33",NA,NA,NA,NA,NA,NA,NA,NA,NA,NA,NA,NA,NA,NA,NA,NA,NA,NA,NA,NA,1,1,1,1,2,2,2,3,2,1,1,1,2,1,2,2,4,3,3,2,7,7,7,NA,NA,NA,NA,NA,NA,1,1,1,0
"34",1,5,1,1,1,3,2,4,1,5,1,1,2,6,1,3,1,5,1,1,NA,NA,NA,NA,NA,NA,NA,NA,NA,NA,NA,NA,NA,NA,NA,NA,NA,NA,NA,NA,NA,NA,NA,1,1,1,5,3,1,NA,NA,NA,1
"35",6,6,2,6,6,6,2,6,6,6,2,6,6,6,2,6,6,6,2,6,NA,NA,NA,NA,NA,NA,NA,NA,NA,NA,NA,NA,NA,NA,NA,NA,NA,NA,NA,NA,NA,NA,NA,4,4,4,3,3,4,NA,NA,NA,1
"36",1,7,1,7,1,7,1,7,1,7,1,7,1,7,1,7,1,7,1,7,NA,NA,NA,NA,NA,NA,NA,NA,NA,NA,NA,NA,NA,NA,NA,NA,NA,NA,NA,NA,NA,NA,NA,2,4,3,2,4,1,NA,NA,NA,1
"37",1,4,1,1,1,4,1,1,1,5,1,1,1,2,1,1,1,5,1,1,NA,NA,NA,NA,NA,NA,NA,NA,NA,NA,NA,NA,NA,NA,NA,NA,NA,NA,NA,NA,NA,NA,NA,1,4,1,5,5,3,NA,NA,NA,1
"38",NA,NA,NA,NA,NA,NA,NA,NA,NA,NA,NA,NA,NA,NA,NA,NA,NA,NA,NA,NA,1,1,1,1,1,1,1,1,1,1,1,1,1,1,1,1,1,1,1,1,1,1,1,NA,NA,NA,NA,NA,NA,1,1,1,0
"39",NA,NA,NA,NA,NA,NA,NA,NA,NA,NA,NA,NA,NA,NA,NA,NA,NA,NA,NA,NA,5,6,5,6,6,5,4,5,4,3,2,3,4,4,3,3,6,6,5,6,1,2,1,NA,NA,NA,NA,NA,NA,1,2,1,0
"40",1,1,1,4,1,1,1,4,1,1,1,4,2,1,1,4,1,1,1,4,NA,NA,NA,NA,NA,NA,NA,NA,NA,NA,NA,NA,NA,NA,NA,NA,NA,NA,NA,NA,NA,NA,NA,1,2,2,3,2,1,NA,NA,NA,1
"41",NA,NA,NA,NA,NA,NA,NA,NA,NA,NA,NA,NA,NA,NA,NA,NA,NA,NA,NA,NA,1,1,1,2,1,1,1,2,1,1,1,2,1,1,1,2,1,1,1,2,5,7,6,NA,NA,NA,NA,NA,NA,2,2,2,0
"42",NA,NA,NA,NA,NA,NA,NA,NA,NA,NA,NA,NA,NA,NA,NA,NA,NA,NA,NA,NA,6,5,3,6,2,7,2,7,3,3,6,3,3,3,6,3,3,3,7,1,3,3,3,NA,NA,NA,NA,NA,NA,3,2,3,0
"43",1,3,1,2,2,5,1,4,3,4,2,2,1,5,1,4,1,4,1,3,NA,NA,NA,NA,NA,NA,NA,NA,NA,NA,NA,NA,NA,NA,NA,NA,NA,NA,NA,NA,NA,NA,NA,1,1,1,5,5,2,NA,NA,NA,1
"44",3,4,4,3,3,4,5,3,5,4,5,5,4,3,4,4,5,4,4,3,NA,NA,NA,NA,NA,NA,NA,NA,NA,NA,NA,NA,NA,NA,NA,NA,NA,NA,NA,NA,NA,NA,NA,3,4,3,3,6,3,NA,NA,NA,1
"45",1,4,2,7,2,7,1,7,2,5,3,7,2,7,1,7,1,6,1,7,NA,NA,NA,NA,NA,NA,NA,NA,NA,NA,NA,NA,NA,NA,NA,NA,NA,NA,NA,NA,NA,NA,NA,2,3,5,2,2,2,NA,NA,NA,1
"46",1,1,1,1,1,1,1,1,1,1,1,1,1,1,1,1,1,1,1,1,NA,NA,NA,NA,NA,NA,NA,NA,NA,NA,NA,NA,NA,NA,NA,NA,NA,NA,NA,NA,NA,NA,NA,1,4,4,6,7,1,NA,NA,NA,1
"47",NA,NA,NA,NA,NA,NA,NA,NA,NA,NA,NA,NA,NA,NA,NA,NA,NA,NA,NA,NA,1,1,2,1,1,1,1,1,1,1,1,1,1,1,2,2,1,1,1,1,2,2,6,NA,NA,NA,NA,NA,NA,1,1,1,0
"48",NA,NA,NA,NA,NA,NA,NA,NA,NA,NA,NA,NA,NA,NA,NA,NA,NA,NA,NA,NA,6,6,4,4,5,4,3,4,4,3,3,5,4,3,3,5,6,4,4,4,1,2,1,NA,NA,NA,NA,NA,NA,5,4,5,0
"49",NA,NA,NA,NA,NA,NA,NA,NA,NA,NA,NA,NA,NA,NA,NA,NA,NA,NA,NA,NA,2,4,2,4,2,6,4,4,2,4,2,4,2,4,2,4,2,6,4,4,4,2,2,NA,NA,NA,NA,NA,NA,4,4,4,0
"50",6,4,5,6,6,3,6,7,7,3,6,7,7,5,6,3,6,3,2,7,NA,NA,NA,NA,NA,NA,NA,NA,NA,NA,NA,NA,NA,NA,NA,NA,NA,NA,NA,NA,NA,NA,NA,4,1,6,5,5,1,NA,NA,NA,1
"51",1,2,1,2,1,1,1,2,3,3,2,3,2,1,2,4,2,2,1,2,NA,NA,NA,NA,NA,NA,NA,NA,NA,NA,NA,NA,NA,NA,NA,NA,NA,NA,NA,NA,NA,NA,NA,1,4,2,3,2,1,NA,NA,NA,1
"52",NA,NA,NA,NA,NA,NA,NA,NA,NA,NA,NA,NA,NA,NA,NA,NA,NA,NA,NA,NA,7,4,4,4,7,4,4,4,7,2,3,4,7,4,4,4,7,4,4,4,2,4,2,NA,NA,NA,NA,NA,NA,4,4,1,0
"53",6,3,2,6,6,4,2,5,6,5,4,5,6,3,4,6,6,6,4,5,NA,NA,NA,NA,NA,NA,NA,NA,NA,NA,NA,NA,NA,NA,NA,NA,NA,NA,NA,NA,NA,NA,NA,5,3,6,5,6,5,NA,NA,NA,1
"54",6,6,6,6,6,6,6,6,5,6,5,6,7,6,7,6,6,6,6,6,NA,NA,NA,NA,NA,NA,NA,NA,NA,NA,NA,NA,NA,NA,NA,NA,NA,NA,NA,NA,NA,NA,NA,5,2,2,2,2,5,NA,NA,NA,1
"55",5,1,5,6,5,1,4,6,5,1,5,6,6,4,5,6,6,3,6,6,NA,NA,NA,NA,NA,NA,NA,NA,NA,NA,NA,NA,NA,NA,NA,NA,NA,NA,NA,NA,NA,NA,NA,1,1,1,1,1,1,NA,NA,NA,1
"56",7,6,4,7,7,6,4,7,7,6,4,7,7,6,4,7,7,6,4,7,NA,NA,NA,NA,NA,NA,NA,NA,NA,NA,NA,NA,NA,NA,NA,NA,NA,NA,NA,NA,NA,NA,NA,7,7,7,6,6,2,NA,NA,NA,1
"57",NA,NA,NA,NA,NA,NA,NA,NA,NA,NA,NA,NA,NA,NA,NA,NA,NA,NA,NA,NA,5,1,7,1,4,6,2,2,4,1,6,2,2,6,2,6,7,1,6,5,5,7,7,NA,NA,NA,NA,NA,NA,7,3,5,0
"58",NA,NA,NA,NA,NA,NA,NA,NA,NA,NA,NA,NA,NA,NA,NA,NA,NA,NA,NA,NA,7,7,7,7,1,1,1,1,1,1,1,1,7,7,7,7,7,7,7,7,1,1,1,NA,NA,NA,NA,NA,NA,1,1,1,0
"59",6,2,2,6,6,2,3,5,6,2,3,5,6,1,3,5,6,2,2,6,NA,NA,NA,NA,NA,NA,NA,NA,NA,NA,NA,NA,NA,NA,NA,NA,NA,NA,NA,NA,NA,NA,NA,3,3,3,6,5,6,NA,NA,NA,1
"60",NA,NA,NA,NA,NA,NA,NA,NA,NA,NA,NA,NA,NA,NA,NA,NA,NA,NA,NA,NA,2,3,1,2,2,3,1,3,2,3,1,3,5,5,4,5,5,5,4,5,1,2,2,NA,NA,NA,NA,NA,NA,1,2,3,0
"61",NA,NA,NA,NA,NA,NA,NA,NA,NA,NA,NA,NA,NA,NA,NA,NA,NA,NA,NA,NA,1,1,1,5,1,1,1,5,1,1,1,5,1,1,1,5,1,1,1,5,1,5,1,NA,NA,NA,NA,NA,NA,3,1,1,0
"62",NA,NA,NA,NA,NA,NA,NA,NA,NA,NA,NA,NA,NA,NA,NA,NA,NA,NA,NA,NA,1,1,1,1,1,1,4,1,1,1,1,1,4,4,4,4,1,1,1,1,3,1,1,NA,NA,NA,NA,NA,NA,1,1,1,0
"63",4,4,4,4,4,4,4,4,4,4,4,4,4,4,4,4,4,4,4,4,NA,NA,NA,NA,NA,NA,NA,NA,NA,NA,NA,NA,NA,NA,NA,NA,NA,NA,NA,NA,NA,NA,NA,4,2,6,2,2,1,NA,NA,NA,1
"64",NA,NA,NA,NA,NA,NA,NA,NA,NA,NA,NA,NA,NA,NA,NA,NA,NA,NA,NA,NA,2,2,1,6,2,1,1,5,3,3,2,4,1,1,1,5,3,2,2,5,7,7,7,NA,NA,NA,NA,NA,NA,1,1,1,0
"65",2,4,1,3,1,3,1,3,1,3,1,3,2,4,1,3,2,4,1,3,NA,NA,NA,NA,NA,NA,NA,NA,NA,NA,NA,NA,NA,NA,NA,NA,NA,NA,NA,NA,NA,NA,NA,1,1,1,5,4,1,NA,NA,NA,1
"66",NA,NA,NA,NA,NA,NA,NA,NA,NA,NA,NA,NA,NA,NA,NA,NA,NA,NA,NA,NA,4,5,2,4,3,4,2,4,6,1,6,2,5,1,6,2,3,3,3,3,5,7,3,NA,NA,NA,NA,NA,NA,6,2,5,0
"67",NA,NA,NA,NA,NA,NA,NA,NA,NA,NA,NA,NA,NA,NA,NA,NA,NA,NA,NA,NA,2,2,2,3,2,2,1,3,1,1,2,3,2,1,2,3,1,1,1,3,5,4,5,NA,NA,NA,NA,NA,NA,2,2,2,0
"68",2,2,2,2,4,4,4,4,2,2,2,2,4,4,4,4,3,3,3,3,NA,NA,NA,NA,NA,NA,NA,NA,NA,NA,NA,NA,NA,NA,NA,NA,NA,NA,NA,NA,NA,NA,NA,3,2,3,4,3,4,NA,NA,NA,1
"69",NA,NA,NA,NA,NA,NA,NA,NA,NA,NA,NA,NA,NA,NA,NA,NA,NA,NA,NA,NA,1,1,1,2,1,1,1,2,1,1,1,2,1,1,1,2,1,1,1,2,1,1,1,NA,NA,NA,NA,NA,NA,1,1,1,0
"70",NA,NA,NA,NA,NA,NA,NA,NA,NA,NA,NA,NA,NA,NA,NA,NA,NA,NA,NA,NA,1,1,1,3,1,1,1,1,2,2,2,3,1,1,1,2,1,1,1,2,7,7,7,NA,NA,NA,NA,NA,NA,1,2,1,0
"71",2,2,2,4,2,3,3,4,2,2,2,3,2,1,1,2,2,2,2,3,NA,NA,NA,NA,NA,NA,NA,NA,NA,NA,NA,NA,NA,NA,NA,NA,NA,NA,NA,NA,NA,NA,NA,3,4,3,6,6,3,NA,NA,NA,1
"72",NA,NA,NA,NA,NA,NA,NA,NA,NA,NA,NA,NA,NA,NA,NA,NA,NA,NA,NA,NA,1,1,1,2,1,1,1,1,1,1,2,1,1,2,2,1,1,1,1,1,1,3,1,NA,NA,NA,NA,NA,NA,2,2,2,0
"73",1,1,1,1,1,2,2,1,2,2,3,3,2,2,2,2,1,2,2,3,NA,NA,NA,NA,NA,NA,NA,NA,NA,NA,NA,NA,NA,NA,NA,NA,NA,NA,NA,NA,NA,NA,NA,3,4,4,6,5,4,NA,NA,NA,1
"74",6,4,4,6,6,4,4,6,6,4,4,6,6,4,4,6,6,4,4,6,NA,NA,NA,NA,NA,NA,NA,NA,NA,NA,NA,NA,NA,NA,NA,NA,NA,NA,NA,NA,NA,NA,NA,7,6,6,6,6,2,NA,NA,NA,1
"75",NA,NA,NA,NA,NA,NA,NA,NA,NA,NA,NA,NA,NA,NA,NA,NA,NA,NA,NA,NA,1,1,1,1,1,1,1,1,1,1,1,1,1,1,1,1,1,1,1,1,2,1,1,NA,NA,NA,NA,NA,NA,2,3,1,0
"76",NA,NA,NA,NA,NA,NA,NA,NA,NA,NA,NA,NA,NA,NA,NA,NA,NA,NA,NA,NA,5,5,4,4,5,1,1,1,1,1,1,1,3,1,1,1,1,1,1,1,1,1,1,NA,NA,NA,NA,NA,NA,1,1,1,0
"77",6,4,5,5,6,4,4,5,6,4,4,5,6,4,4,5,6,4,4,5,NA,NA,NA,NA,NA,NA,NA,NA,NA,NA,NA,NA,NA,NA,NA,NA,NA,NA,NA,NA,NA,NA,NA,4,4,4,3,3,2,NA,NA,NA,1
"78",2,1,1,2,1,1,2,1,2,1,1,2,2,1,2,2,2,1,1,2,NA,NA,NA,NA,NA,NA,NA,NA,NA,NA,NA,NA,NA,NA,NA,NA,NA,NA,NA,NA,NA,NA,NA,1,1,1,1,1,1,NA,NA,NA,1
"79",1,3,1,2,1,3,1,2,1,3,1,2,1,3,1,2,1,3,1,2,NA,NA,NA,NA,NA,NA,NA,NA,NA,NA,NA,NA,NA,NA,NA,NA,NA,NA,NA,NA,NA,NA,NA,1,1,1,5,5,1,NA,NA,NA,1
"80",2,2,2,2,1,1,1,1,1,1,1,1,1,1,1,1,2,2,2,2,NA,NA,NA,NA,NA,NA,NA,NA,NA,NA,NA,NA,NA,NA,NA,NA,NA,NA,NA,NA,NA,NA,NA,2,2,3,2,2,2,NA,NA,NA,1
"81",4,3,3,4,5,4,4,4,4,4,4,5,4,3,3,5,4,2,3,4,NA,NA,NA,NA,NA,NA,NA,NA,NA,NA,NA,NA,NA,NA,NA,NA,NA,NA,NA,NA,NA,NA,NA,1,2,1,3,2,1,NA,NA,NA,1
"82",4,4,4,4,5,4,5,4,4,4,4,4,3,5,4,5,4,5,4,5,NA,NA,NA,NA,NA,NA,NA,NA,NA,NA,NA,NA,NA,NA,NA,NA,NA,NA,NA,NA,NA,NA,NA,4,4,4,3,5,2,NA,NA,NA,1
"83",6,3,6,4,5,3,5,4,6,3,6,4,5,3,4,4,6,3,6,4,NA,NA,NA,NA,NA,NA,NA,NA,NA,NA,NA,NA,NA,NA,NA,NA,NA,NA,NA,NA,NA,NA,NA,3,4,3,2,3,2,NA,NA,NA,1
"84",7,2,4,3,7,2,4,2,6,4,4,3,7,2,4,3,7,2,4,3,NA,NA,NA,NA,NA,NA,NA,NA,NA,NA,NA,NA,NA,NA,NA,NA,NA,NA,NA,NA,NA,NA,NA,4,1,4,2,2,2,NA,NA,NA,1
"85",NA,NA,NA,NA,NA,NA,NA,NA,NA,NA,NA,NA,NA,NA,NA,NA,NA,NA,NA,NA,6,6,4,5,4,1,1,1,2,1,1,1,4,1,1,2,6,4,4,5,6,6,6,NA,NA,NA,NA,NA,NA,1,1,1,0
"86",3,4,2,4,2,3,3,4,4,5,4,5,4,5,4,5,3,4,3,4,NA,NA,NA,NA,NA,NA,NA,NA,NA,NA,NA,NA,NA,NA,NA,NA,NA,NA,NA,NA,NA,NA,NA,1,1,2,2,2,2,NA,NA,NA,1
"87",1,1,1,1,1,1,1,1,2,3,1,1,2,3,2,1,1,1,1,1,NA,NA,NA,NA,NA,NA,NA,NA,NA,NA,NA,NA,NA,NA,NA,NA,NA,NA,NA,NA,NA,NA,NA,1,1,1,2,2,2,NA,NA,NA,1
"88",NA,NA,NA,NA,NA,NA,NA,NA,NA,NA,NA,NA,NA,NA,NA,NA,NA,NA,NA,NA,6,6,4,6,7,6,5,5,5,6,5,6,6,6,4,6,6,6,6,6,3,5,2,NA,NA,NA,NA,NA,NA,3,3,2,0
"89",2,3,3,4,3,4,3,4,3,4,4,4,2,6,2,4,2,4,2,4,NA,NA,NA,NA,NA,NA,NA,NA,NA,NA,NA,NA,NA,NA,NA,NA,NA,NA,NA,NA,NA,NA,NA,2,4,4,4,6,2,NA,NA,NA,1
"90",NA,NA,NA,NA,NA,NA,NA,NA,NA,NA,NA,NA,NA,NA,NA,NA,NA,NA,NA,NA,7,6,6,6,7,3,5,5,7,5,4,5,7,6,4,6,7,7,4,4,1,3,1,NA,NA,NA,NA,NA,NA,1,1,1,0
"91",NA,NA,NA,NA,NA,NA,NA,NA,NA,NA,NA,NA,NA,NA,NA,NA,NA,NA,NA,NA,2,3,2,5,2,2,2,3,2,2,2,3,2,2,2,2,2,2,2,2,3,4,3,NA,NA,NA,NA,NA,NA,2,2,2,0
"92",1,5,1,2,1,5,1,3,2,7,1,3,1,6,1,3,3,6,1,2,NA,NA,NA,NA,NA,NA,NA,NA,NA,NA,NA,NA,NA,NA,NA,NA,NA,NA,NA,NA,NA,NA,NA,1,1,1,2,2,1,NA,NA,NA,1
"93",6,5,4,7,6,4,4,7,6,5,4,7,6,4,4,7,6,4,4,7,NA,NA,NA,NA,NA,NA,NA,NA,NA,NA,NA,NA,NA,NA,NA,NA,NA,NA,NA,NA,NA,NA,NA,6,4,6,5,6,1,NA,NA,NA,1
"94",1,1,1,1,3,3,3,3,1,2,3,1,1,4,4,2,1,2,2,1,NA,NA,NA,NA,NA,NA,NA,NA,NA,NA,NA,NA,NA,NA,NA,NA,NA,NA,NA,NA,NA,NA,NA,2,1,1,5,5,1,NA,NA,NA,1
"95",1,3,1,2,5,7,6,6,2,4,1,2,2,5,1,3,1,2,1,1,NA,NA,NA,NA,NA,NA,NA,NA,NA,NA,NA,NA,NA,NA,NA,NA,NA,NA,NA,NA,NA,NA,NA,1,1,1,1,1,1,NA,NA,NA,1
"96",NA,NA,NA,NA,NA,NA,NA,NA,NA,NA,NA,NA,NA,NA,NA,NA,NA,NA,NA,NA,2,2,2,3,2,2,2,3,1,2,2,4,1,1,1,2,2,2,2,3,1,2,1,NA,NA,NA,NA,NA,NA,2,2,2,0
"97",NA,NA,NA,NA,NA,NA,NA,NA,NA,NA,NA,NA,NA,NA,NA,NA,NA,NA,NA,NA,1,1,1,1,4,2,1,2,1,1,1,1,1,3,1,2,1,1,1,1,1,2,1,NA,NA,NA,NA,NA,NA,1,1,1,0
"98",NA,NA,NA,NA,NA,NA,NA,NA,NA,NA,NA,NA,NA,NA,NA,NA,NA,NA,NA,NA,6,5,6,6,6,6,3,3,7,3,4,3,7,4,3,4,6,3,4,3,2,2,2,NA,NA,NA,NA,NA,NA,2,2,3,0
"99",1,2,1,3,2,2,1,3,1,4,1,3,2,5,1,3,1,3,1,3,NA,NA,NA,NA,NA,NA,NA,NA,NA,NA,NA,NA,NA,NA,NA,NA,NA,NA,NA,NA,NA,NA,NA,2,3,2,2,3,4,NA,NA,NA,1
"100",3,4,2,3,4,4,3,3,3,4,3,2,3,4,3,3,4,4,3,3,NA,NA,NA,NA,NA,NA,NA,NA,NA,NA,NA,NA,NA,NA,NA,NA,NA,NA,NA,NA,NA,NA,NA,1,4,5,4,5,2,NA,NA,NA,1
"101",NA,NA,NA,NA,NA,NA,NA,NA,NA,NA,NA,NA,NA,NA,NA,NA,NA,NA,NA,NA,1,2,1,1,1,4,1,1,1,2,1,1,1,3,1,1,1,2,1,1,1,1,1,NA,NA,NA,NA,NA,NA,1,1,1,0
"102",1,3,1,2,1,6,1,3,2,5,1,3,1,4,1,2,1,5,1,2,NA,NA,NA,NA,NA,NA,NA,NA,NA,NA,NA,NA,NA,NA,NA,NA,NA,NA,NA,NA,NA,NA,NA,1,2,1,3,2,1,NA,NA,NA,1
"103",NA,NA,NA,NA,NA,NA,NA,NA,NA,NA,NA,NA,NA,NA,NA,NA,NA,NA,NA,NA,1,2,1,2,1,2,1,2,1,2,1,2,1,2,1,2,1,2,1,2,3,2,3,NA,NA,NA,NA,NA,NA,1,1,2,0
"104",6,6,6,6,6,7,7,7,6,6,6,6,7,6,7,6,6,6,6,6,NA,NA,NA,NA,NA,NA,NA,NA,NA,NA,NA,NA,NA,NA,NA,NA,NA,NA,NA,NA,NA,NA,NA,5,4,5,3,2,2,NA,NA,NA,1
"105",1,1,1,1,1,1,1,1,1,1,1,1,1,1,1,1,1,1,1,1,NA,NA,NA,NA,NA,NA,NA,NA,NA,NA,NA,NA,NA,NA,NA,NA,NA,NA,NA,NA,NA,NA,NA,1,2,1,4,4,4,NA,NA,NA,1
"106",NA,NA,NA,NA,NA,NA,NA,NA,NA,NA,NA,NA,NA,NA,NA,NA,NA,NA,NA,NA,2,2,2,2,1,1,1,1,1,2,1,2,1,1,2,1,1,1,1,1,2,1,1,NA,NA,NA,NA,NA,NA,1,1,2,0
"107",2,6,2,6,3,5,3,5,5,2,6,2,4,4,4,4,4,4,4,4,NA,NA,NA,NA,NA,NA,NA,NA,NA,NA,NA,NA,NA,NA,NA,NA,NA,NA,NA,NA,NA,NA,NA,4,4,4,4,4,4,NA,NA,NA,1
"108",NA,NA,NA,NA,NA,NA,NA,NA,NA,NA,NA,NA,NA,NA,NA,NA,NA,NA,NA,NA,7,4,4,7,7,4,4,7,7,4,4,7,7,4,4,7,7,4,4,7,7,7,7,NA,NA,NA,NA,NA,NA,3,3,1,0
"109",6,1,2,7,6,1,1,7,6,1,2,7,6,1,2,7,7,1,1,7,NA,NA,NA,NA,NA,NA,NA,NA,NA,NA,NA,NA,NA,NA,NA,NA,NA,NA,NA,NA,NA,NA,NA,2,6,2,1,3,1,NA,NA,NA,1
"110",2,3,1,3,2,3,1,3,3,4,3,4,1,3,1,2,1,3,1,2,NA,NA,NA,NA,NA,NA,NA,NA,NA,NA,NA,NA,NA,NA,NA,NA,NA,NA,NA,NA,NA,NA,NA,1,1,1,3,2,1,NA,NA,NA,1
"111",NA,NA,NA,NA,NA,NA,NA,NA,NA,NA,NA,NA,NA,NA,NA,NA,NA,NA,NA,NA,4,3,2,2,4,3,2,2,6,4,4,4,4,3,2,2,4,4,4,4,5,7,6,NA,NA,NA,NA,NA,NA,4,2,2,0
"112",4,3,4,5,5,4,5,5,5,4,5,5,5,4,5,5,5,4,4,5,NA,NA,NA,NA,NA,NA,NA,NA,NA,NA,NA,NA,NA,NA,NA,NA,NA,NA,NA,NA,NA,NA,NA,2,3,3,3,3,3,NA,NA,NA,1
"113",3,4,2,3,2,3,2,3,2,5,2,3,2,3,2,3,2,3,2,3,NA,NA,NA,NA,NA,NA,NA,NA,NA,NA,NA,NA,NA,NA,NA,NA,NA,NA,NA,NA,NA,NA,NA,3,3,3,5,4,2,NA,NA,NA,1
"114",4,5,4,5,5,5,5,6,4,6,4,6,4,5,4,5,4,5,4,4,NA,NA,NA,NA,NA,NA,NA,NA,NA,NA,NA,NA,NA,NA,NA,NA,NA,NA,NA,NA,NA,NA,NA,4,3,4,5,4,2,NA,NA,NA,1
"115",NA,NA,NA,NA,NA,NA,NA,NA,NA,NA,NA,NA,NA,NA,NA,NA,NA,NA,NA,NA,6,6,1,7,4,4,1,7,4,4,1,7,6,6,1,7,4,3,1,7,7,7,7,NA,NA,NA,NA,NA,NA,1,3,1,0
"116",NA,NA,NA,NA,NA,NA,NA,NA,NA,NA,NA,NA,NA,NA,NA,NA,NA,NA,NA,NA,1,1,1,1,1,1,1,1,1,1,1,1,1,1,1,1,1,1,1,2,3,2,4,NA,NA,NA,NA,NA,NA,1,2,2,0
"117",NA,NA,NA,NA,NA,NA,NA,NA,NA,NA,NA,NA,NA,NA,NA,NA,NA,NA,NA,NA,1,1,2,2,1,1,1,1,1,1,1,1,1,1,2,2,1,1,1,1,1,2,2,NA,NA,NA,NA,NA,NA,1,1,1,0
"118",NA,NA,NA,NA,NA,NA,NA,NA,NA,NA,NA,NA,NA,NA,NA,NA,NA,NA,NA,NA,2,2,2,6,2,2,2,6,2,2,2,6,2,2,2,6,2,2,2,6,3,3,5,NA,NA,NA,NA,NA,NA,2,2,2,0
"119",NA,NA,NA,NA,NA,NA,NA,NA,NA,NA,NA,NA,NA,NA,NA,NA,NA,NA,NA,NA,1,1,1,1,1,1,1,1,1,1,1,1,1,1,1,1,1,1,1,1,1,5,1,NA,NA,NA,NA,NA,NA,1,1,1,0
"120",NA,NA,NA,NA,NA,NA,NA,NA,NA,NA,NA,NA,NA,NA,NA,NA,NA,NA,NA,NA,1,2,1,2,1,1,2,2,2,2,2,3,2,2,2,2,1,1,1,2,1,1,2,NA,NA,NA,NA,NA,NA,1,1,1,0
"121",NA,NA,NA,NA,NA,NA,NA,NA,NA,NA,NA,NA,NA,NA,NA,NA,NA,NA,NA,NA,1,1,1,7,1,1,1,7,1,1,1,7,1,1,1,7,1,1,1,7,1,1,7,NA,NA,NA,NA,NA,NA,1,1,1,0
"122",4,3,4,6,5,3,5,6,6,5,6,6,6,3,5,6,5,3,4,6,NA,NA,NA,NA,NA,NA,NA,NA,NA,NA,NA,NA,NA,NA,NA,NA,NA,NA,NA,NA,NA,NA,NA,4,5,6,3,3,5,NA,NA,NA,1
"123",NA,NA,NA,NA,NA,NA,NA,NA,NA,NA,NA,NA,NA,NA,NA,NA,NA,NA,NA,NA,6,3,6,3,6,3,5,2,3,4,3,4,6,4,5,3,2,5,2,6,5,4,5,NA,NA,NA,NA,NA,NA,6,3,6,0
"124",NA,NA,NA,NA,NA,NA,NA,NA,NA,NA,NA,NA,NA,NA,NA,NA,NA,NA,NA,NA,3,5,2,6,3,3,2,6,5,6,2,6,2,2,1,6,5,5,2,6,2,1,2,NA,NA,NA,NA,NA,NA,2,2,3,0
"125",5,6,4,6,5,6,4,6,5,6,4,6,5,6,4,6,5,6,4,6,NA,NA,NA,NA,NA,NA,NA,NA,NA,NA,NA,NA,NA,NA,NA,NA,NA,NA,NA,NA,NA,NA,NA,3,4,3,3,3,3,NA,NA,NA,1
"126",NA,NA,NA,NA,NA,NA,NA,NA,NA,NA,NA,NA,NA,NA,NA,NA,NA,NA,NA,NA,2,2,2,2,1,1,2,2,1,1,1,7,2,2,2,2,1,1,1,1,6,5,5,NA,NA,NA,NA,NA,NA,3,3,4,0
"127",2,2,2,2,2,2,2,2,2,2,2,2,2,2,2,2,2,2,2,2,NA,NA,NA,NA,NA,NA,NA,NA,NA,NA,NA,NA,NA,NA,NA,NA,NA,NA,NA,NA,NA,NA,NA,3,5,2,1,2,1,NA,NA,NA,1
"128",4,6,4,7,4,6,4,7,6,6,4,7,4,6,4,7,2,5,4,7,NA,NA,NA,NA,NA,NA,NA,NA,NA,NA,NA,NA,NA,NA,NA,NA,NA,NA,NA,NA,NA,NA,NA,5,1,5,4,4,4,NA,NA,NA,1
"129",NA,NA,NA,NA,NA,NA,NA,NA,NA,NA,NA,NA,NA,NA,NA,NA,NA,NA,NA,NA,1,1,1,7,1,1,1,7,1,1,1,7,1,1,1,7,1,1,1,7,2,2,3,NA,NA,NA,NA,NA,NA,1,1,1,0
"130",1,2,1,2,6,6,3,6,6,6,2,6,5,4,1,2,6,5,2,5,NA,NA,NA,NA,NA,NA,NA,NA,NA,NA,NA,NA,NA,NA,NA,NA,NA,NA,NA,NA,NA,NA,NA,2,2,5,6,6,1,NA,NA,NA,1
"131",NA,NA,NA,NA,NA,NA,NA,NA,NA,NA,NA,NA,NA,NA,NA,NA,NA,NA,NA,NA,1,2,1,2,1,1,1,2,1,1,1,2,1,1,1,2,1,1,1,2,5,2,5,NA,NA,NA,NA,NA,NA,1,1,1,0
"132",6,2,2,6,6,3,4,6,6,2,4,6,6,2,3,6,5,1,2,6,NA,NA,NA,NA,NA,NA,NA,NA,NA,NA,NA,NA,NA,NA,NA,NA,NA,NA,NA,NA,NA,NA,NA,2,4,3,2,2,4,NA,NA,NA,1
"133",NA,NA,NA,NA,NA,NA,NA,NA,NA,NA,NA,NA,NA,NA,NA,NA,NA,NA,NA,NA,1,1,1,1,1,1,1,1,1,1,1,1,1,1,1,1,1,1,1,1,2,4,1,NA,NA,NA,NA,NA,NA,1,2,2,0
"134",NA,NA,NA,NA,NA,NA,NA,NA,NA,NA,NA,NA,NA,NA,NA,NA,NA,NA,NA,NA,7,5,5,5,1,2,1,1,1,2,1,1,1,2,1,1,1,2,1,1,1,1,2,NA,NA,NA,NA,NA,NA,1,1,1,0
"135",1,3,1,2,1,2,1,2,1,2,1,2,1,2,1,2,1,3,1,2,NA,NA,NA,NA,NA,NA,NA,NA,NA,NA,NA,NA,NA,NA,NA,NA,NA,NA,NA,NA,NA,NA,NA,1,4,2,4,3,2,NA,NA,NA,1
"136",4,3,3,3,2,2,2,2,3,4,5,5,2,3,3,3,4,3,3,3,NA,NA,NA,NA,NA,NA,NA,NA,NA,NA,NA,NA,NA,NA,NA,NA,NA,NA,NA,NA,NA,NA,NA,4,2,4,2,3,2,NA,NA,NA,1
"137",5,5,4,5,5,5,4,5,5,5,4,5,5,5,4,5,6,4,2,4,NA,NA,NA,NA,NA,NA,NA,NA,NA,NA,NA,NA,NA,NA,NA,NA,NA,NA,NA,NA,NA,NA,NA,2,2,2,6,5,5,NA,NA,NA,1
"138",1,3,1,2,7,6,4,5,2,3,2,2,2,3,1,3,2,3,1,3,NA,NA,NA,NA,NA,NA,NA,NA,NA,NA,NA,NA,NA,NA,NA,NA,NA,NA,NA,NA,NA,NA,NA,1,1,1,2,1,1,NA,NA,NA,1
"139",NA,NA,NA,NA,NA,NA,NA,NA,NA,NA,NA,NA,NA,NA,NA,NA,NA,NA,NA,NA,3,2,4,4,3,2,4,4,4,1,4,4,3,2,4,4,2,2,4,4,7,7,7,NA,NA,NA,NA,NA,NA,2,2,2,0
"140",NA,NA,NA,NA,NA,NA,NA,NA,NA,NA,NA,NA,NA,NA,NA,NA,NA,NA,NA,NA,2,2,2,4,2,2,2,4,2,2,2,4,2,2,2,4,2,2,2,4,2,3,2,NA,NA,NA,NA,NA,NA,2,2,2,0
"141",NA,NA,NA,NA,NA,NA,NA,NA,NA,NA,NA,NA,NA,NA,NA,NA,NA,NA,NA,NA,1,1,1,2,1,1,1,2,1,1,1,2,1,1,1,1,1,1,1,2,3,3,5,NA,NA,NA,NA,NA,NA,2,2,2,0
"142",1,2,1,7,7,6,4,7,7,7,4,7,2,3,1,7,2,3,1,7,NA,NA,NA,NA,NA,NA,NA,NA,NA,NA,NA,NA,NA,NA,NA,NA,NA,NA,NA,NA,NA,NA,NA,7,5,7,7,7,7,NA,NA,NA,1
"143",NA,NA,NA,NA,NA,NA,NA,NA,NA,NA,NA,NA,NA,NA,NA,NA,NA,NA,NA,NA,4,3,3,7,4,3,4,7,4,3,4,7,4,2,4,7,4,2,2,7,5,4,5,NA,NA,NA,NA,NA,NA,3,3,4,0
"144",NA,NA,NA,NA,NA,NA,NA,NA,NA,NA,NA,NA,NA,NA,NA,NA,NA,NA,NA,NA,2,1,1,7,7,1,1,7,2,2,1,7,3,1,1,7,3,1,1,7,3,3,3,NA,NA,NA,NA,NA,NA,1,3,1,0
"145",NA,NA,NA,NA,NA,NA,NA,NA,NA,NA,NA,NA,NA,NA,NA,NA,NA,NA,NA,NA,1,1,1,1,1,1,1,1,1,1,1,1,1,1,1,1,1,1,1,1,1,1,1,NA,NA,NA,NA,NA,NA,2,2,1,0
"146",NA,NA,NA,NA,NA,NA,NA,NA,NA,NA,NA,NA,NA,NA,NA,NA,NA,NA,NA,NA,6,5,2,7,3,3,2,5,4,3,2,6,4,3,2,4,4,4,4,4,1,2,1,NA,NA,NA,NA,NA,NA,1,1,1,0
"147",NA,NA,NA,NA,NA,NA,NA,NA,NA,NA,NA,NA,NA,NA,NA,NA,NA,NA,NA,NA,1,1,1,1,1,1,1,1,1,2,1,2,1,1,1,2,1,1,1,1,1,1,1,NA,NA,NA,NA,NA,NA,1,1,1,0
"148",NA,NA,NA,NA,NA,NA,NA,NA,NA,NA,NA,NA,NA,NA,NA,NA,NA,NA,NA,NA,5,2,4,3,5,1,4,4,1,2,2,6,4,2,3,2,1,1,1,6,6,6,5,NA,NA,NA,NA,NA,NA,1,2,2,0
"149",NA,NA,NA,NA,NA,NA,NA,NA,NA,NA,NA,NA,NA,NA,NA,NA,NA,NA,NA,NA,5,5,5,5,4,3,3,4,2,2,3,3,3,3,2,3,5,5,5,5,5,6,6,NA,NA,NA,NA,NA,NA,2,2,3,0
"150",NA,NA,NA,NA,NA,NA,NA,NA,NA,NA,NA,NA,NA,NA,NA,NA,NA,NA,NA,NA,4,4,4,4,4,4,4,4,2,2,4,4,4,4,4,4,2,2,2,6,5,3,3,NA,NA,NA,NA,NA,NA,3,3,3,0
"151",3,2,1,3,4,3,3,3,4,3,5,5,2,2,2,2,2,2,1,3,NA,NA,NA,NA,NA,NA,NA,NA,NA,NA,NA,NA,NA,NA,NA,NA,NA,NA,NA,NA,NA,NA,NA,1,2,1,1,1,1,NA,NA,NA,1
"152",NA,NA,NA,NA,NA,NA,NA,NA,NA,NA,NA,NA,NA,NA,NA,NA,NA,NA,NA,NA,4,2,2,2,2,1,1,2,2,1,1,1,4,5,3,4,1,1,1,1,2,3,2,NA,NA,NA,NA,NA,NA,2,1,4,0
"153",NA,NA,NA,NA,NA,NA,NA,NA,NA,NA,NA,NA,NA,NA,NA,NA,NA,NA,NA,NA,6,5,4,5,5,3,5,3,4,3,2,5,3,2,2,3,6,5,4,5,6,7,7,NA,NA,NA,NA,NA,NA,1,2,2,0
"154",2,1,1,1,1,1,1,1,1,1,1,1,1,1,1,1,2,1,1,1,NA,NA,NA,NA,NA,NA,NA,NA,NA,NA,NA,NA,NA,NA,NA,NA,NA,NA,NA,NA,NA,NA,NA,1,4,1,1,1,1,NA,NA,NA,1
"155",2,2,2,2,2,2,2,2,5,2,4,3,4,2,3,3,3,2,2,2,NA,NA,NA,NA,NA,NA,NA,NA,NA,NA,NA,NA,NA,NA,NA,NA,NA,NA,NA,NA,NA,NA,NA,2,6,3,5,6,2,NA,NA,NA,1
"156",5,2,3,3,6,5,4,6,6,3,4,3,6,2,6,3,5,2,4,3,NA,NA,NA,NA,NA,NA,NA,NA,NA,NA,NA,NA,NA,NA,NA,NA,NA,NA,NA,NA,NA,NA,NA,6,1,3,3,2,2,NA,NA,NA,1
"157",6,4,5,2,6,3,6,2,5,4,6,3,6,3,7,3,6,3,7,4,NA,NA,NA,NA,NA,NA,NA,NA,NA,NA,NA,NA,NA,NA,NA,NA,NA,NA,NA,NA,NA,NA,NA,6,6,4,5,3,6,NA,NA,NA,1
"158",2,2,2,2,4,4,4,4,7,7,7,6,7,7,7,7,4,3,2,3,NA,NA,NA,NA,NA,NA,NA,NA,NA,NA,NA,NA,NA,NA,NA,NA,NA,NA,NA,NA,NA,NA,NA,6,6,6,2,2,2,NA,NA,NA,1
"159",NA,NA,NA,NA,NA,NA,NA,NA,NA,NA,NA,NA,NA,NA,NA,NA,NA,NA,NA,NA,2,2,1,2,4,4,2,3,2,2,1,2,2,2,1,3,2,4,2,4,1,1,3,NA,NA,NA,NA,NA,NA,2,2,1,0
"160",3,2,1,3,2,3,1,2,3,4,3,3,3,4,3,3,3,3,3,3,NA,NA,NA,NA,NA,NA,NA,NA,NA,NA,NA,NA,NA,NA,NA,NA,NA,NA,NA,NA,NA,NA,NA,1,3,2,2,4,2,NA,NA,NA,1
"161",6,4,4,7,6,4,4,7,6,4,4,7,6,4,4,7,6,4,4,7,NA,NA,NA,NA,NA,NA,NA,NA,NA,NA,NA,NA,NA,NA,NA,NA,NA,NA,NA,NA,NA,NA,NA,6,6,6,2,4,3,NA,NA,NA,1
"162",6,6,4,6,3,3,2,5,6,6,3,6,6,6,3,6,6,6,3,6,NA,NA,NA,NA,NA,NA,NA,NA,NA,NA,NA,NA,NA,NA,NA,NA,NA,NA,NA,NA,NA,NA,NA,2,2,3,2,2,2,NA,NA,NA,1
"163",NA,NA,NA,NA,NA,NA,NA,NA,NA,NA,NA,NA,NA,NA,NA,NA,NA,NA,NA,NA,3,3,3,2,5,3,4,3,1,1,1,2,3,2,2,2,4,2,3,3,1,1,3,NA,NA,NA,NA,NA,NA,1,1,1,0
"164",6,6,4,6,6,6,4,6,6,6,4,6,6,6,4,6,6,6,4,6,NA,NA,NA,NA,NA,NA,NA,NA,NA,NA,NA,NA,NA,NA,NA,NA,NA,NA,NA,NA,NA,NA,NA,4,2,4,2,3,1,NA,NA,NA,1
"165",5,1,4,7,5,1,4,7,5,1,4,7,5,1,4,7,5,1,4,7,NA,NA,NA,NA,NA,NA,NA,NA,NA,NA,NA,NA,NA,NA,NA,NA,NA,NA,NA,NA,NA,NA,NA,5,3,5,4,5,2,NA,NA,NA,1
"166",NA,NA,NA,NA,NA,NA,NA,NA,NA,NA,NA,NA,NA,NA,NA,NA,NA,NA,NA,NA,4,2,3,5,4,2,3,5,4,2,3,5,4,2,3,5,4,1,3,5,3,3,3,NA,NA,NA,NA,NA,NA,2,1,3,0
"167",NA,NA,NA,NA,NA,NA,NA,NA,NA,NA,NA,NA,NA,NA,NA,NA,NA,NA,NA,NA,4,3,5,4,3,3,3,3,5,4,3,3,5,5,4,5,1,1,1,1,3,3,4,NA,NA,NA,NA,NA,NA,2,3,2,0
"168",NA,NA,NA,NA,NA,NA,NA,NA,NA,NA,NA,NA,NA,NA,NA,NA,NA,NA,NA,NA,1,1,1,1,1,1,1,1,1,1,1,1,1,1,1,1,1,1,1,1,1,1,1,NA,NA,NA,NA,NA,NA,1,1,1,0
"169",6,5,2,7,6,5,2,7,6,6,2,7,6,5,2,7,6,5,2,7,NA,NA,NA,NA,NA,NA,NA,NA,NA,NA,NA,NA,NA,NA,NA,NA,NA,NA,NA,NA,NA,NA,NA,3,6,5,5,6,1,NA,NA,NA,1
"170",5,5,3,5,5,5,3,5,5,5,3,5,5,5,3,5,5,5,3,5,NA,NA,NA,NA,NA,NA,NA,NA,NA,NA,NA,NA,NA,NA,NA,NA,NA,NA,NA,NA,NA,NA,NA,5,3,5,4,4,3,NA,NA,NA,1
"171",2,2,2,2,3,3,3,3,4,3,3,3,4,3,3,5,3,2,2,3,NA,NA,NA,NA,NA,NA,NA,NA,NA,NA,NA,NA,NA,NA,NA,NA,NA,NA,NA,NA,NA,NA,NA,2,3,2,3,3,2,NA,NA,NA,1
"172",5,2,2,5,3,2,1,2,6,5,3,5,6,3,3,4,5,2,2,5,NA,NA,NA,NA,NA,NA,NA,NA,NA,NA,NA,NA,NA,NA,NA,NA,NA,NA,NA,NA,NA,NA,NA,3,2,2,3,2,2,NA,NA,NA,1
"173",NA,NA,NA,NA,NA,NA,NA,NA,NA,NA,NA,NA,NA,NA,NA,NA,NA,NA,NA,NA,6,2,6,4,7,3,3,4,6,3,4,4,7,2,4,3,7,3,4,4,1,2,1,NA,NA,NA,NA,NA,NA,3,1,3,0
"174",NA,NA,NA,NA,NA,NA,NA,NA,NA,NA,NA,NA,NA,NA,NA,NA,NA,NA,NA,NA,1,1,1,1,1,1,1,1,1,1,1,1,1,1,1,1,1,1,1,1,1,1,1,NA,NA,NA,NA,NA,NA,1,1,5,0
"175",6,6,5,7,6,6,6,6,7,7,6,7,6,6,6,7,6,6,5,7,NA,NA,NA,NA,NA,NA,NA,NA,NA,NA,NA,NA,NA,NA,NA,NA,NA,NA,NA,NA,NA,NA,NA,6,2,6,2,3,2,NA,NA,NA,1
"176",6,6,2,3,6,6,2,3,6,6,4,5,6,6,2,3,7,6,2,2,NA,NA,NA,NA,NA,NA,NA,NA,NA,NA,NA,NA,NA,NA,NA,NA,NA,NA,NA,NA,NA,NA,NA,2,5,3,3,2,2,NA,NA,NA,1
"177",NA,NA,NA,NA,NA,NA,NA,NA,NA,NA,NA,NA,NA,NA,NA,NA,NA,NA,NA,NA,2,2,2,2,2,2,2,2,1,1,1,2,1,1,1,1,1,1,1,2,2,2,6,NA,NA,NA,NA,NA,NA,2,2,2,0
"178",NA,NA,NA,NA,NA,NA,NA,NA,NA,NA,NA,NA,NA,NA,NA,NA,NA,NA,NA,NA,1,1,1,2,1,1,1,2,1,1,1,2,1,1,1,3,1,1,1,2,2,3,2,NA,NA,NA,NA,NA,NA,2,2,2,0
"179",1,3,2,5,1,2,1,5,1,4,2,5,1,3,1,5,1,3,1,5,NA,NA,NA,NA,NA,NA,NA,NA,NA,NA,NA,NA,NA,NA,NA,NA,NA,NA,NA,NA,NA,NA,NA,1,1,2,1,1,1,NA,NA,NA,1
"180",7,6,3,6,2,2,5,4,7,7,4,2,7,7,1,7,7,6,2,6,NA,NA,NA,NA,NA,NA,NA,NA,NA,NA,NA,NA,NA,NA,NA,NA,NA,NA,NA,NA,NA,NA,NA,6,7,6,7,7,4,NA,NA,NA,1
"181",NA,NA,NA,NA,NA,NA,NA,NA,NA,NA,NA,NA,NA,NA,NA,NA,NA,NA,NA,NA,4,1,4,4,2,2,2,4,2,1,2,4,4,1,4,4,2,1,2,4,2,2,3,NA,NA,NA,NA,NA,NA,2,2,4,0
"182",NA,NA,NA,NA,NA,NA,NA,NA,NA,NA,NA,NA,NA,NA,NA,NA,NA,NA,NA,NA,7,7,4,4,4,4,4,4,7,4,4,4,7,7,4,7,7,7,4,7,1,2,1,NA,NA,NA,NA,NA,NA,1,1,1,0
"183",NA,NA,NA,NA,NA,NA,NA,NA,NA,NA,NA,NA,NA,NA,NA,NA,NA,NA,NA,NA,3,3,2,3,2,3,2,2,3,3,2,3,1,3,2,2,2,3,1,3,2,2,3,NA,NA,NA,NA,NA,NA,2,2,2,0
"184",3,2,2,3,4,3,2,4,2,2,2,2,3,2,3,3,2,2,2,2,NA,NA,NA,NA,NA,NA,NA,NA,NA,NA,NA,NA,NA,NA,NA,NA,NA,NA,NA,NA,NA,NA,NA,5,4,5,5,5,3,NA,NA,NA,1
"185",NA,NA,NA,NA,NA,NA,NA,NA,NA,NA,NA,NA,NA,NA,NA,NA,NA,NA,NA,NA,5,2,5,5,4,1,5,2,5,1,2,2,2,1,2,1,6,3,5,4,3,2,3,NA,NA,NA,NA,NA,NA,2,2,2,0
"186",NA,NA,NA,NA,NA,NA,NA,NA,NA,NA,NA,NA,NA,NA,NA,NA,NA,NA,NA,NA,2,2,2,2,2,2,2,2,2,2,2,2,2,2,2,2,2,2,2,2,7,7,7,NA,NA,NA,NA,NA,NA,1,1,1,0
"187",NA,NA,NA,NA,NA,NA,NA,NA,NA,NA,NA,NA,NA,NA,NA,NA,NA,NA,NA,NA,7,4,4,7,7,4,4,7,7,4,4,7,7,4,4,7,7,6,4,7,1,1,1,NA,NA,NA,NA,NA,NA,2,1,3,0
"188",NA,NA,NA,NA,NA,NA,NA,NA,NA,NA,NA,NA,NA,NA,NA,NA,NA,NA,NA,NA,1,2,2,2,1,2,2,1,1,2,2,1,1,1,2,1,1,2,2,1,3,3,4,NA,NA,NA,NA,NA,NA,1,2,1,0
"189",3,4,3,4,4,5,3,4,3,5,4,4,4,5,3,5,4,6,4,5,NA,NA,NA,NA,NA,NA,NA,NA,NA,NA,NA,NA,NA,NA,NA,NA,NA,NA,NA,NA,NA,NA,NA,5,5,3,3,4,5,NA,NA,NA,1
"190",6,4,2,2,6,3,3,3,5,3,3,3,5,3,2,3,6,3,2,3,NA,NA,NA,NA,NA,NA,NA,NA,NA,NA,NA,NA,NA,NA,NA,NA,NA,NA,NA,NA,NA,NA,NA,3,3,3,2,2,2,NA,NA,NA,1
"191",5,7,1,7,3,7,1,7,1,7,1,5,7,7,1,5,7,7,1,7,NA,NA,NA,NA,NA,NA,NA,NA,NA,NA,NA,NA,NA,NA,NA,NA,NA,NA,NA,NA,NA,NA,NA,7,1,7,1,3,1,NA,NA,NA,1
"192",NA,NA,NA,NA,NA,NA,NA,NA,NA,NA,NA,NA,NA,NA,NA,NA,NA,NA,NA,NA,2,2,2,4,1,2,2,2,1,1,1,1,1,1,1,1,2,2,1,3,1,2,2,NA,NA,NA,NA,NA,NA,4,3,2,0
"193",NA,NA,NA,NA,NA,NA,NA,NA,NA,NA,NA,NA,NA,NA,NA,NA,NA,NA,NA,NA,1,1,1,1,1,1,1,1,1,1,1,1,1,1,1,1,1,1,1,1,1,1,1,NA,NA,NA,NA,NA,NA,1,1,1,0
"194",5,2,2,3,4,2,2,3,5,4,3,3,4,3,3,6,5,1,2,2,NA,NA,NA,NA,NA,NA,NA,NA,NA,NA,NA,NA,NA,NA,NA,NA,NA,NA,NA,NA,NA,NA,NA,2,2,2,5,4,2,NA,NA,NA,1
"195",NA,NA,NA,NA,NA,NA,NA,NA,NA,NA,NA,NA,NA,NA,NA,NA,NA,NA,NA,NA,1,1,1,4,1,1,1,3,1,1,1,3,1,1,1,3,1,1,1,5,1,1,2,NA,NA,NA,NA,NA,NA,1,1,1,0
"196",NA,NA,NA,NA,NA,NA,NA,NA,NA,NA,NA,NA,NA,NA,NA,NA,NA,NA,NA,NA,4,4,4,4,4,6,4,6,4,6,4,6,4,4,6,2,5,5,4,5,7,7,7,NA,NA,NA,NA,NA,NA,1,2,4,0
"197",5,5,5,6,7,7,7,7,7,7,7,7,5,3,5,6,5,5,5,6,NA,NA,NA,NA,NA,NA,NA,NA,NA,NA,NA,NA,NA,NA,NA,NA,NA,NA,NA,NA,NA,NA,NA,6,3,5,3,2,2,NA,NA,NA,1
"198",3,3,3,3,5,3,3,3,3,3,3,3,3,3,3,3,4,3,4,3,NA,NA,NA,NA,NA,NA,NA,NA,NA,NA,NA,NA,NA,NA,NA,NA,NA,NA,NA,NA,NA,NA,NA,3,3,3,3,3,3,NA,NA,NA,1
"199",NA,NA,NA,NA,NA,NA,NA,NA,NA,NA,NA,NA,NA,NA,NA,NA,NA,NA,NA,NA,2,2,2,2,1,1,1,2,1,1,1,1,1,2,1,1,1,7,1,1,5,5,2,NA,NA,NA,NA,NA,NA,1,2,2,0
"200",NA,NA,NA,NA,NA,NA,NA,NA,NA,NA,NA,NA,NA,NA,NA,NA,NA,NA,NA,NA,2,2,2,3,2,2,2,3,2,2,2,3,2,2,2,3,2,2,2,3,1,3,2,NA,NA,NA,NA,NA,NA,2,2,1,0
"201",NA,NA,NA,NA,NA,NA,NA,NA,NA,NA,NA,NA,NA,NA,NA,NA,NA,NA,NA,NA,6,2,3,2,6,2,2,2,6,1,3,3,6,2,2,2,6,4,3,5,2,2,1,NA,NA,NA,NA,NA,NA,2,2,2,0
"202",NA,NA,NA,NA,NA,NA,NA,NA,NA,NA,NA,NA,NA,NA,NA,NA,NA,NA,NA,NA,2,2,2,4,2,2,2,5,2,1,2,3,2,1,4,3,2,1,2,4,3,1,4,NA,NA,NA,NA,NA,NA,2,2,2,0
"203",3,3,2,4,5,3,3,4,2,3,2,4,5,3,2,4,2,3,2,4,NA,NA,NA,NA,NA,NA,NA,NA,NA,NA,NA,NA,NA,NA,NA,NA,NA,NA,NA,NA,NA,NA,NA,1,3,3,2,3,2,NA,NA,NA,1
"204",4,3,3,4,4,4,3,3,4,3,3,4,4,3,3,4,4,3,3,4,NA,NA,NA,NA,NA,NA,NA,NA,NA,NA,NA,NA,NA,NA,NA,NA,NA,NA,NA,NA,NA,NA,NA,3,2,2,2,2,1,NA,NA,NA,1
"205",5,1,2,7,4,1,1,7,4,3,4,7,4,2,4,7,4,1,1,7,NA,NA,NA,NA,NA,NA,NA,NA,NA,NA,NA,NA,NA,NA,NA,NA,NA,NA,NA,NA,NA,NA,NA,1,1,1,2,4,1,NA,NA,NA,1
"206",NA,NA,NA,NA,NA,NA,NA,NA,NA,NA,NA,NA,NA,NA,NA,NA,NA,NA,NA,NA,5,5,5,4,5,4,5,4,5,4,4,4,6,5,4,3,5,4,4,5,3,4,3,NA,NA,NA,NA,NA,NA,4,4,3,0
"207",5,6,1,6,3,3,2,3,5,5,4,5,3,5,2,6,3,5,4,6,NA,NA,NA,NA,NA,NA,NA,NA,NA,NA,NA,NA,NA,NA,NA,NA,NA,NA,NA,NA,NA,NA,NA,5,3,3,5,6,2,NA,NA,NA,1
"208",NA,NA,NA,NA,NA,NA,NA,NA,NA,NA,NA,NA,NA,NA,NA,NA,NA,NA,NA,NA,3,3,2,3,3,2,2,2,3,3,3,3,3,2,2,2,3,2,2,2,5,4,5,NA,NA,NA,NA,NA,NA,2,3,3,0
"209",NA,NA,NA,NA,NA,NA,NA,NA,NA,NA,NA,NA,NA,NA,NA,NA,NA,NA,NA,NA,5,2,2,4,6,3,3,3,5,3,2,5,3,2,2,2,3,2,2,3,2,2,2,NA,NA,NA,NA,NA,NA,2,3,2,0
"210",NA,NA,NA,NA,NA,NA,NA,NA,NA,NA,NA,NA,NA,NA,NA,NA,NA,NA,NA,NA,2,2,2,3,3,3,3,3,2,2,2,3,2,3,4,4,2,2,4,4,2,3,2,NA,NA,NA,NA,NA,NA,1,2,2,0
"211",NA,NA,NA,NA,NA,NA,NA,NA,NA,NA,NA,NA,NA,NA,NA,NA,NA,NA,NA,NA,1,1,1,4,1,1,1,4,1,1,1,4,1,1,1,4,1,1,1,4,1,1,1,NA,NA,NA,NA,NA,NA,1,1,1,0
"212",3,1,2,2,6,5,3,5,6,5,3,5,6,5,3,5,6,5,3,5,NA,NA,NA,NA,NA,NA,NA,NA,NA,NA,NA,NA,NA,NA,NA,NA,NA,NA,NA,NA,NA,NA,NA,3,2,3,5,5,2,NA,NA,NA,1
"213",NA,NA,NA,NA,NA,NA,NA,NA,NA,NA,NA,NA,NA,NA,NA,NA,NA,NA,NA,NA,2,2,2,3,5,3,3,3,1,2,1,3,1,2,2,3,1,2,1,3,1,2,2,NA,NA,NA,NA,NA,NA,2,2,2,0
"214",NA,NA,NA,NA,NA,NA,NA,NA,NA,NA,NA,NA,NA,NA,NA,NA,NA,NA,NA,NA,1,2,4,4,1,1,2,2,1,1,1,4,1,1,2,3,1,1,1,2,1,1,1,NA,NA,NA,NA,NA,NA,2,2,1,0
"215",NA,NA,NA,NA,NA,NA,NA,NA,NA,NA,NA,NA,NA,NA,NA,NA,NA,NA,NA,NA,3,3,2,3,5,3,3,7,5,5,5,6,2,2,2,2,2,2,3,6,5,5,3,NA,NA,NA,NA,NA,NA,2,2,2,0
"216",NA,NA,NA,NA,NA,NA,NA,NA,NA,NA,NA,NA,NA,NA,NA,NA,NA,NA,NA,NA,6,2,4,6,7,6,5,6,6,6,4,6,6,6,4,7,7,7,4,6,1,1,1,NA,NA,NA,NA,NA,NA,1,1,1,0
"217",1,1,1,1,1,1,1,1,1,1,1,1,1,1,1,1,1,1,1,1,NA,NA,NA,NA,NA,NA,NA,NA,NA,NA,NA,NA,NA,NA,NA,NA,NA,NA,NA,NA,NA,NA,NA,1,5,1,2,3,1,NA,NA,NA,1
"218",NA,NA,NA,NA,NA,NA,NA,NA,NA,NA,NA,NA,NA,NA,NA,NA,NA,NA,NA,NA,1,1,1,4,1,1,1,4,1,1,1,4,1,1,1,7,1,1,7,7,1,1,2,NA,NA,NA,NA,NA,NA,1,1,1,0
"219",2,2,1,3,4,4,3,4,3,3,2,3,3,3,2,3,2,3,1,3,NA,NA,NA,NA,NA,NA,NA,NA,NA,NA,NA,NA,NA,NA,NA,NA,NA,NA,NA,NA,NA,NA,NA,3,4,3,2,2,2,NA,NA,NA,1
"220",2,2,1,3,5,5,1,6,3,2,1,4,6,6,1,5,2,2,1,6,NA,NA,NA,NA,NA,NA,NA,NA,NA,NA,NA,NA,NA,NA,NA,NA,NA,NA,NA,NA,NA,NA,NA,3,4,3,2,2,2,NA,NA,NA,1
"221",3,3,2,2,3,3,2,3,2,3,2,2,2,4,2,2,2,4,2,2,NA,NA,NA,NA,NA,NA,NA,NA,NA,NA,NA,NA,NA,NA,NA,NA,NA,NA,NA,NA,NA,NA,NA,2,2,2,4,4,2,NA,NA,NA,1
"222",NA,NA,NA,NA,NA,NA,NA,NA,NA,NA,NA,NA,NA,NA,NA,NA,NA,NA,NA,NA,4,3,4,4,4,3,4,4,4,3,3,4,4,4,4,4,4,3,3,4,2,1,4,NA,NA,NA,NA,NA,NA,1,1,1,0
"223",1,1,2,1,1,1,1,1,1,1,1,1,1,1,1,1,1,1,1,1,NA,NA,NA,NA,NA,NA,NA,NA,NA,NA,NA,NA,NA,NA,NA,NA,NA,NA,NA,NA,NA,NA,NA,3,3,3,3,3,2,NA,NA,NA,1
"224",NA,NA,NA,NA,NA,NA,NA,NA,NA,NA,NA,NA,NA,NA,NA,NA,NA,NA,NA,NA,2,2,2,2,2,2,2,2,5,5,3,4,2,2,2,2,2,2,2,2,4,5,4,NA,NA,NA,NA,NA,NA,3,2,4,0
"225",6,2,2,6,6,2,2,6,6,2,2,6,6,2,4,6,6,2,2,2,NA,NA,NA,NA,NA,NA,NA,NA,NA,NA,NA,NA,NA,NA,NA,NA,NA,NA,NA,NA,NA,NA,NA,2,1,2,1,2,1,NA,NA,NA,1
"226",NA,NA,NA,NA,NA,NA,NA,NA,NA,NA,NA,NA,NA,NA,NA,NA,NA,NA,NA,NA,5,6,4,6,5,5,3,4,4,5,2,6,6,6,5,6,5,5,4,6,2,2,1,NA,NA,NA,NA,NA,NA,1,3,4,0
"227",1,1,1,1,7,7,7,7,7,7,7,7,7,4,4,4,1,1,1,2,NA,NA,NA,NA,NA,NA,NA,NA,NA,NA,NA,NA,NA,NA,NA,NA,NA,NA,NA,NA,NA,NA,NA,5,4,3,3,3,3,NA,NA,NA,1
"228",NA,NA,NA,NA,NA,NA,NA,NA,NA,NA,NA,NA,NA,NA,NA,NA,NA,NA,NA,NA,5,5,4,5,5,5,4,5,3,3,3,3,5,5,4,5,5,5,5,5,2,2,2,NA,NA,NA,NA,NA,NA,2,2,2,0
"229",3,3,3,4,2,3,3,4,2,2,3,4,2,3,3,4,2,3,3,4,NA,NA,NA,NA,NA,NA,NA,NA,NA,NA,NA,NA,NA,NA,NA,NA,NA,NA,NA,NA,NA,NA,NA,1,1,1,2,2,2,NA,NA,NA,1
"230",4,3,2,4,5,3,3,4,2,2,1,3,3,2,1,4,5,2,2,3,NA,NA,NA,NA,NA,NA,NA,NA,NA,NA,NA,NA,NA,NA,NA,NA,NA,NA,NA,NA,NA,NA,NA,4,5,4,3,4,3,NA,NA,NA,1
"231",NA,NA,NA,NA,NA,NA,NA,NA,NA,NA,NA,NA,NA,NA,NA,NA,NA,NA,NA,NA,5,3,3,3,6,5,5,3,3,2,2,3,2,2,2,1,6,6,6,6,5,5,5,NA,NA,NA,NA,NA,NA,3,2,2,0
"232",NA,NA,NA,NA,NA,NA,NA,NA,NA,NA,NA,NA,NA,NA,NA,NA,NA,NA,NA,NA,1,1,1,1,1,1,1,1,1,1,1,1,1,1,1,1,1,1,1,1,1,1,1,NA,NA,NA,NA,NA,NA,1,1,1,0
"233",NA,NA,NA,NA,NA,NA,NA,NA,NA,NA,NA,NA,NA,NA,NA,NA,NA,NA,NA,NA,6,3,4,4,6,1,2,4,2,2,3,2,6,1,3,3,6,5,6,6,3,5,2,NA,NA,NA,NA,NA,NA,1,1,6,0
"234",NA,NA,NA,NA,NA,NA,NA,NA,NA,NA,NA,NA,NA,NA,NA,NA,NA,NA,NA,NA,3,2,5,6,5,4,3,6,7,3,3,6,6,3,3,3,2,4,5,2,4,3,2,NA,NA,NA,NA,NA,NA,2,3,3,0
"235",NA,NA,NA,NA,NA,NA,NA,NA,NA,NA,NA,NA,NA,NA,NA,NA,NA,NA,NA,NA,5,5,5,5,3,3,2,2,4,3,2,3,3,2,2,2,6,6,4,6,1,1,1,NA,NA,NA,NA,NA,NA,1,2,1,0
"236",NA,NA,NA,NA,NA,NA,NA,NA,NA,NA,NA,NA,NA,NA,NA,NA,NA,NA,NA,NA,2,2,2,2,2,2,2,2,2,2,2,2,2,2,2,2,2,2,2,2,2,4,2,NA,NA,NA,NA,NA,NA,2,2,2,0
"237",4,4,7,2,4,4,6,3,5,3,4,1,3,4,5,4,5,3,4,1,NA,NA,NA,NA,NA,NA,NA,NA,NA,NA,NA,NA,NA,NA,NA,NA,NA,NA,NA,NA,NA,NA,NA,4,3,5,4,3,5,NA,NA,NA,1
"238",7,7,6,6,7,7,7,7,6,6,6,6,6,6,6,6,6,6,6,6,NA,NA,NA,NA,NA,NA,NA,NA,NA,NA,NA,NA,NA,NA,NA,NA,NA,NA,NA,NA,NA,NA,NA,6,2,6,1,1,1,NA,NA,NA,1
"239",1,4,1,1,3,2,2,4,1,4,1,1,2,5,1,3,1,4,1,1,NA,NA,NA,NA,NA,NA,NA,NA,NA,NA,NA,NA,NA,NA,NA,NA,NA,NA,NA,NA,NA,NA,NA,1,3,2,1,2,1,NA,NA,NA,1
"240",1,2,1,1,1,1,1,1,2,2,1,2,2,2,1,3,1,3,1,2,NA,NA,NA,NA,NA,NA,NA,NA,NA,NA,NA,NA,NA,NA,NA,NA,NA,NA,NA,NA,NA,NA,NA,1,1,2,2,2,1,NA,NA,NA,1
"241",NA,NA,NA,NA,NA,NA,NA,NA,NA,NA,NA,NA,NA,NA,NA,NA,NA,NA,NA,NA,7,4,4,7,7,4,4,7,7,4,4,7,7,4,4,7,7,4,4,7,6,7,7,NA,NA,NA,NA,NA,NA,1,1,1,0
"242",2,5,2,3,2,6,3,3,1,5,1,3,2,5,2,3,3,5,5,3,NA,NA,NA,NA,NA,NA,NA,NA,NA,NA,NA,NA,NA,NA,NA,NA,NA,NA,NA,NA,NA,NA,NA,2,2,2,3,3,4,NA,NA,NA,1
"243",2,2,2,2,2,3,2,3,2,3,2,2,2,3,2,3,2,2,2,2,NA,NA,NA,NA,NA,NA,NA,NA,NA,NA,NA,NA,NA,NA,NA,NA,NA,NA,NA,NA,NA,NA,NA,2,2,2,2,3,2,NA,NA,NA,1
"244",4,2,3,5,4,2,3,5,4,2,3,5,4,2,3,5,4,2,3,5,NA,NA,NA,NA,NA,NA,NA,NA,NA,NA,NA,NA,NA,NA,NA,NA,NA,NA,NA,NA,NA,NA,NA,4,3,5,4,3,2,NA,NA,NA,1
"245",NA,NA,NA,NA,NA,NA,NA,NA,NA,NA,NA,NA,NA,NA,NA,NA,NA,NA,NA,NA,1,1,1,7,1,1,1,7,1,1,1,7,1,1,1,7,1,1,1,7,2,1,1,NA,NA,NA,NA,NA,NA,1,1,4,0
"246",3,3,4,4,4,4,4,4,3,3,3,3,4,5,4,5,3,3,3,4,NA,NA,NA,NA,NA,NA,NA,NA,NA,NA,NA,NA,NA,NA,NA,NA,NA,NA,NA,NA,NA,NA,NA,3,4,3,3,3,2,NA,NA,NA,1
"247",NA,NA,NA,NA,NA,NA,NA,NA,NA,NA,NA,NA,NA,NA,NA,NA,NA,NA,NA,NA,1,1,1,1,1,1,1,1,1,1,1,1,1,1,1,1,1,1,1,1,1,2,1,NA,NA,NA,NA,NA,NA,1,1,1,0
"248",NA,NA,NA,NA,NA,NA,NA,NA,NA,NA,NA,NA,NA,NA,NA,NA,NA,NA,NA,NA,7,4,4,6,7,4,4,6,7,4,4,6,7,4,4,6,7,4,4,6,3,4,5,NA,NA,NA,NA,NA,NA,2,2,2,0
"249",4,4,4,4,4,4,4,4,5,2,4,4,4,2,3,3,6,3,4,4,NA,NA,NA,NA,NA,NA,NA,NA,NA,NA,NA,NA,NA,NA,NA,NA,NA,NA,NA,NA,NA,NA,NA,5,2,4,2,5,3,NA,NA,NA,1
"250",NA,NA,NA,NA,NA,NA,NA,NA,NA,NA,NA,NA,NA,NA,NA,NA,NA,NA,NA,NA,2,2,2,2,2,2,2,2,2,2,2,2,2,2,2,2,2,1,2,2,3,3,3,NA,NA,NA,NA,NA,NA,2,6,3,0
"251",4,2,3,7,4,2,3,7,4,3,4,7,4,3,3,7,4,2,3,7,NA,NA,NA,NA,NA,NA,NA,NA,NA,NA,NA,NA,NA,NA,NA,NA,NA,NA,NA,NA,NA,NA,NA,1,1,4,6,6,1,NA,NA,NA,1
"252",NA,NA,NA,NA,NA,NA,NA,NA,NA,NA,NA,NA,NA,NA,NA,NA,NA,NA,NA,NA,2,6,2,6,2,6,2,6,3,6,3,6,3,5,4,5,2,6,2,6,5,3,5,NA,NA,NA,NA,NA,NA,5,3,5,0
"253",NA,NA,NA,NA,NA,NA,NA,NA,NA,NA,NA,NA,NA,NA,NA,NA,NA,NA,NA,NA,5,4,4,3,1,1,1,1,1,1,1,1,1,1,1,1,1,1,1,1,2,5,1,NA,NA,NA,NA,NA,NA,1,3,1,0
"254",NA,NA,NA,NA,NA,NA,NA,NA,NA,NA,NA,NA,NA,NA,NA,NA,NA,NA,NA,NA,2,2,2,2,5,5,3,3,1,1,1,1,1,1,1,1,1,1,1,1,1,1,1,NA,NA,NA,NA,NA,NA,1,1,1,0
"255",NA,NA,NA,NA,NA,NA,NA,NA,NA,NA,NA,NA,NA,NA,NA,NA,NA,NA,NA,NA,6,1,4,4,6,1,2,4,7,2,2,4,6,1,2,4,6,1,2,4,6,2,6,NA,NA,NA,NA,NA,NA,1,2,4,0
"256",5,3,4,6,5,5,4,6,5,5,5,6,5,5,5,6,5,5,5,6,NA,NA,NA,NA,NA,NA,NA,NA,NA,NA,NA,NA,NA,NA,NA,NA,NA,NA,NA,NA,NA,NA,NA,2,3,3,2,2,2,NA,NA,NA,1
"257",6,6,2,6,6,6,6,6,6,6,5,6,6,6,6,6,6,6,3,6,NA,NA,NA,NA,NA,NA,NA,NA,NA,NA,NA,NA,NA,NA,NA,NA,NA,NA,NA,NA,NA,NA,NA,3,3,5,2,2,2,NA,NA,NA,1
"258",1,1,1,1,1,1,1,1,1,1,1,1,1,4,1,1,1,4,1,1,NA,NA,NA,NA,NA,NA,NA,NA,NA,NA,NA,NA,NA,NA,NA,NA,NA,NA,NA,NA,NA,NA,NA,1,1,1,1,1,1,NA,NA,NA,1
"259",5,3,3,5,5,3,4,4,3,3,3,3,5,3,3,4,5,3,3,4,NA,NA,NA,NA,NA,NA,NA,NA,NA,NA,NA,NA,NA,NA,NA,NA,NA,NA,NA,NA,NA,NA,NA,3,2,3,2,2,2,NA,NA,NA,1
"260",1,1,3,5,1,2,1,2,3,6,3,3,1,3,1,1,2,2,6,2,NA,NA,NA,NA,NA,NA,NA,NA,NA,NA,NA,NA,NA,NA,NA,NA,NA,NA,NA,NA,NA,NA,NA,2,2,1,2,2,5,NA,NA,NA,1
"261",1,3,1,2,4,6,4,4,1,2,1,2,2,3,1,3,1,4,1,3,NA,NA,NA,NA,NA,NA,NA,NA,NA,NA,NA,NA,NA,NA,NA,NA,NA,NA,NA,NA,NA,NA,NA,1,4,2,1,3,1,NA,NA,NA,1
"262",2,3,2,4,6,6,2,6,2,3,2,4,2,3,2,4,2,3,2,4,NA,NA,NA,NA,NA,NA,NA,NA,NA,NA,NA,NA,NA,NA,NA,NA,NA,NA,NA,NA,NA,NA,NA,4,5,5,2,2,2,NA,NA,NA,1
"263",6,4,4,4,6,4,4,4,6,4,4,4,6,4,4,5,6,4,4,4,NA,NA,NA,NA,NA,NA,NA,NA,NA,NA,NA,NA,NA,NA,NA,NA,NA,NA,NA,NA,NA,NA,NA,4,3,4,3,4,4,NA,NA,NA,1
"264",NA,NA,NA,NA,NA,NA,NA,NA,NA,NA,NA,NA,NA,NA,NA,NA,NA,NA,NA,NA,1,1,3,4,1,1,2,3,1,1,1,3,1,1,1,3,1,1,1,3,1,2,1,NA,NA,NA,NA,NA,NA,2,2,1,0
"265",6,3,2,6,6,3,2,6,6,3,2,6,6,3,3,6,6,3,2,6,NA,NA,NA,NA,NA,NA,NA,NA,NA,NA,NA,NA,NA,NA,NA,NA,NA,NA,NA,NA,NA,NA,NA,4,3,4,4,4,2,NA,NA,NA,1
"266",NA,NA,NA,NA,NA,NA,NA,NA,NA,NA,NA,NA,NA,NA,NA,NA,NA,NA,NA,NA,1,1,1,1,1,1,1,1,1,1,1,1,1,1,1,1,1,1,1,1,1,1,2,NA,NA,NA,NA,NA,NA,4,3,4,0
"267",2,4,3,5,1,6,5,4,4,4,4,4,5,4,3,4,3,3,3,6,NA,NA,NA,NA,NA,NA,NA,NA,NA,NA,NA,NA,NA,NA,NA,NA,NA,NA,NA,NA,NA,NA,NA,5,2,5,4,4,4,NA,NA,NA,1
"268",5,2,3,2,6,3,3,3,5,2,1,1,6,3,2,3,5,2,3,2,NA,NA,NA,NA,NA,NA,NA,NA,NA,NA,NA,NA,NA,NA,NA,NA,NA,NA,NA,NA,NA,NA,NA,1,2,2,2,2,1,NA,NA,NA,1
"269",NA,NA,NA,NA,NA,NA,NA,NA,NA,NA,NA,NA,NA,NA,NA,NA,NA,NA,NA,NA,1,2,1,3,1,2,1,3,2,3,1,2,5,3,5,4,1,1,2,6,3,3,3,NA,NA,NA,NA,NA,NA,1,1,3,0
"270",3,6,3,5,6,2,4,2,4,5,2,3,6,5,5,2,3,6,5,2,NA,NA,NA,NA,NA,NA,NA,NA,NA,NA,NA,NA,NA,NA,NA,NA,NA,NA,NA,NA,NA,NA,NA,5,5,3,2,3,3,NA,NA,NA,1
"271",1,1,1,1,1,1,1,1,1,1,1,1,1,1,1,1,1,1,1,1,NA,NA,NA,NA,NA,NA,NA,NA,NA,NA,NA,NA,NA,NA,NA,NA,NA,NA,NA,NA,NA,NA,NA,1,1,1,2,2,1,NA,NA,NA,1
"272",NA,NA,NA,NA,NA,NA,NA,NA,NA,NA,NA,NA,NA,NA,NA,NA,NA,NA,NA,NA,1,1,2,3,1,1,1,3,1,1,1,1,1,1,1,1,1,1,2,3,1,1,1,NA,NA,NA,NA,NA,NA,1,1,1,0
"273",4,4,4,4,2,3,2,3,4,6,2,4,5,5,2,6,4,4,4,4,NA,NA,NA,NA,NA,NA,NA,NA,NA,NA,NA,NA,NA,NA,NA,NA,NA,NA,NA,NA,NA,NA,NA,3,4,4,3,5,2,NA,NA,NA,1
"274",NA,NA,NA,NA,NA,NA,NA,NA,NA,NA,NA,NA,NA,NA,NA,NA,NA,NA,NA,NA,1,1,1,2,1,1,1,2,1,1,1,3,1,1,1,2,1,1,1,3,1,1,1,NA,NA,NA,NA,NA,NA,1,2,1,0
"275",2,2,2,2,4,4,3,4,2,2,2,2,2,3,2,3,2,2,2,2,NA,NA,NA,NA,NA,NA,NA,NA,NA,NA,NA,NA,NA,NA,NA,NA,NA,NA,NA,NA,NA,NA,NA,2,4,3,5,4,3,NA,NA,NA,1
"276",5,4,5,5,5,4,5,5,4,4,4,5,5,4,5,5,6,5,6,6,NA,NA,NA,NA,NA,NA,NA,NA,NA,NA,NA,NA,NA,NA,NA,NA,NA,NA,NA,NA,NA,NA,NA,4,3,3,3,4,2,NA,NA,NA,1
"277",1,2,1,1,4,4,1,3,4,4,1,3,4,4,1,3,4,4,1,3,NA,NA,NA,NA,NA,NA,NA,NA,NA,NA,NA,NA,NA,NA,NA,NA,NA,NA,NA,NA,NA,NA,NA,1,1,1,1,1,4,NA,NA,NA,1
"278",2,5,1,4,1,2,1,1,2,6,1,3,2,3,1,2,2,6,1,2,NA,NA,NA,NA,NA,NA,NA,NA,NA,NA,NA,NA,NA,NA,NA,NA,NA,NA,NA,NA,NA,NA,NA,1,1,1,3,3,1,NA,NA,NA,1
"279",NA,NA,NA,NA,NA,NA,NA,NA,NA,NA,NA,NA,NA,NA,NA,NA,NA,NA,NA,NA,1,1,1,1,1,1,1,1,1,1,1,1,1,1,1,1,1,1,1,1,2,2,2,NA,NA,NA,NA,NA,NA,1,1,1,0
"280",2,2,2,2,7,7,7,7,2,2,2,3,6,6,6,6,2,2,1,2,NA,NA,NA,NA,NA,NA,NA,NA,NA,NA,NA,NA,NA,NA,NA,NA,NA,NA,NA,NA,NA,NA,NA,7,5,7,1,1,1,NA,NA,NA,1
"281",NA,NA,NA,NA,NA,NA,NA,NA,NA,NA,NA,NA,NA,NA,NA,NA,NA,NA,NA,NA,2,2,2,2,2,2,2,2,2,2,2,2,2,2,2,2,2,2,2,2,3,5,4,NA,NA,NA,NA,NA,NA,1,1,1,0
"282",1,1,1,1,2,2,2,2,1,2,1,2,1,2,1,2,1,2,1,2,NA,NA,NA,NA,NA,NA,NA,NA,NA,NA,NA,NA,NA,NA,NA,NA,NA,NA,NA,NA,NA,NA,NA,1,6,1,3,3,5,NA,NA,NA,1
"283",NA,NA,NA,NA,NA,NA,NA,NA,NA,NA,NA,NA,NA,NA,NA,NA,NA,NA,NA,NA,6,4,4,5,2,3,3,3,1,2,2,4,1,2,3,4,1,2,2,4,1,1,1,NA,NA,NA,NA,NA,NA,1,3,1,0
"284",NA,NA,NA,NA,NA,NA,NA,NA,NA,NA,NA,NA,NA,NA,NA,NA,NA,NA,NA,NA,6,7,6,6,6,7,6,7,1,1,1,1,6,7,6,7,1,1,1,1,7,1,7,NA,NA,NA,NA,NA,NA,1,2,1,0
"285",2,2,2,5,4,2,2,6,5,5,3,6,6,6,3,6,3,3,2,6,NA,NA,NA,NA,NA,NA,NA,NA,NA,NA,NA,NA,NA,NA,NA,NA,NA,NA,NA,NA,NA,NA,NA,3,6,5,5,5,2,NA,NA,NA,1
"286",5,3,3,4,6,3,4,4,5,3,4,5,5,2,4,5,5,3,2,5,NA,NA,NA,NA,NA,NA,NA,NA,NA,NA,NA,NA,NA,NA,NA,NA,NA,NA,NA,NA,NA,NA,NA,5,5,5,1,2,2,NA,NA,NA,1
"287",5,5,5,5,4,4,4,4,7,7,7,7,5,5,6,5,6,6,6,6,NA,NA,NA,NA,NA,NA,NA,NA,NA,NA,NA,NA,NA,NA,NA,NA,NA,NA,NA,NA,NA,NA,NA,7,4,7,7,6,3,NA,NA,NA,1
"288",3,1,1,3,1,1,1,1,2,2,2,2,2,2,2,3,2,2,2,2,NA,NA,NA,NA,NA,NA,NA,NA,NA,NA,NA,NA,NA,NA,NA,NA,NA,NA,NA,NA,NA,NA,NA,7,1,6,6,6,2,NA,NA,NA,1
"289",5,5,2,6,5,5,3,5,5,5,3,5,5,5,4,5,5,5,2,6,NA,NA,NA,NA,NA,NA,NA,NA,NA,NA,NA,NA,NA,NA,NA,NA,NA,NA,NA,NA,NA,NA,NA,4,4,2,1,3,1,NA,NA,NA,1
"290",NA,NA,NA,NA,NA,NA,NA,NA,NA,NA,NA,NA,NA,NA,NA,NA,NA,NA,NA,NA,3,3,4,5,2,2,1,2,1,1,1,1,3,3,2,3,6,6,4,6,1,1,2,NA,NA,NA,NA,NA,NA,1,1,1,0
"291",NA,NA,NA,NA,NA,NA,NA,NA,NA,NA,NA,NA,NA,NA,NA,NA,NA,NA,NA,NA,7,1,7,7,6,7,5,3,7,4,1,4,7,3,3,6,5,3,1,4,1,1,1,NA,NA,NA,NA,NA,NA,3,2,2,0
"292",NA,NA,NA,NA,NA,NA,NA,NA,NA,NA,NA,NA,NA,NA,NA,NA,NA,NA,NA,NA,1,1,1,1,1,1,1,1,1,1,1,1,1,1,1,1,1,1,1,1,1,1,1,NA,NA,NA,NA,NA,NA,1,1,1,0
"293",2,2,6,1,6,5,4,7,3,7,5,5,2,1,5,3,2,7,5,1,NA,NA,NA,NA,NA,NA,NA,NA,NA,NA,NA,NA,NA,NA,NA,NA,NA,NA,NA,NA,NA,NA,NA,6,6,2,2,7,3,NA,NA,NA,1
"294",5,6,3,4,7,7,2,7,6,7,5,6,5,5,4,4,5,6,4,5,NA,NA,NA,NA,NA,NA,NA,NA,NA,NA,NA,NA,NA,NA,NA,NA,NA,NA,NA,NA,NA,NA,NA,3,4,2,3,5,3,NA,NA,NA,1
"295",NA,NA,NA,NA,NA,NA,NA,NA,NA,NA,NA,NA,NA,NA,NA,NA,NA,NA,NA,NA,6,4,5,1,3,6,5,3,4,5,5,6,6,2,4,3,3,3,5,2,5,4,4,NA,NA,NA,NA,NA,NA,5,3,6,0
"296",NA,NA,NA,NA,NA,NA,NA,NA,NA,NA,NA,NA,NA,NA,NA,NA,NA,NA,NA,NA,6,6,4,6,6,6,4,6,6,6,4,6,6,6,4,6,6,6,4,6,6,6,6,NA,NA,NA,NA,NA,NA,1,3,3,0
"297",NA,NA,NA,NA,NA,NA,NA,NA,NA,NA,NA,NA,NA,NA,NA,NA,NA,NA,NA,NA,1,1,1,1,1,1,1,1,1,1,1,1,1,1,1,1,1,1,1,1,1,1,1,NA,NA,NA,NA,NA,NA,1,1,1,0
"298",NA,NA,NA,NA,NA,NA,NA,NA,NA,NA,NA,NA,NA,NA,NA,NA,NA,NA,NA,NA,6,6,4,6,5,3,2,3,6,6,4,6,5,3,3,3,6,6,4,6,6,6,6,NA,NA,NA,NA,NA,NA,2,2,2,0
"299",NA,NA,NA,NA,NA,NA,NA,NA,NA,NA,NA,NA,NA,NA,NA,NA,NA,NA,NA,NA,7,3,3,3,7,3,3,3,6,4,2,4,6,2,2,3,7,4,3,4,3,4,3,NA,NA,NA,NA,NA,NA,2,2,2,0
"300",NA,NA,NA,NA,NA,NA,NA,NA,NA,NA,NA,NA,NA,NA,NA,NA,NA,NA,NA,NA,1,2,1,2,1,2,1,2,1,2,1,2,1,2,1,2,1,2,1,2,1,1,1,NA,NA,NA,NA,NA,NA,2,2,2,0
"301",1,1,1,1,1,1,1,1,1,1,1,1,1,1,1,1,1,1,1,1,NA,NA,NA,NA,NA,NA,NA,NA,NA,NA,NA,NA,NA,NA,NA,NA,NA,NA,NA,NA,NA,NA,NA,1,4,1,2,2,1,NA,NA,NA,1
"302",NA,NA,NA,NA,NA,NA,NA,NA,NA,NA,NA,NA,NA,NA,NA,NA,NA,NA,NA,NA,1,1,1,1,1,1,1,1,1,1,1,1,1,1,1,1,1,1,1,1,4,4,4,NA,NA,NA,NA,NA,NA,4,4,4,0
"303",NA,NA,NA,NA,NA,NA,NA,NA,NA,NA,NA,NA,NA,NA,NA,NA,NA,NA,NA,NA,1,2,1,1,1,2,1,1,1,2,1,1,1,2,1,1,1,2,1,1,1,1,1,NA,NA,NA,NA,NA,NA,1,2,2,0
"304",5,6,6,6,5,6,5,5,6,5,5,6,6,6,5,6,6,6,5,5,NA,NA,NA,NA,NA,NA,NA,NA,NA,NA,NA,NA,NA,NA,NA,NA,NA,NA,NA,NA,NA,NA,NA,5,4,3,3,4,3,NA,NA,NA,1
"305",NA,NA,NA,NA,NA,NA,NA,NA,NA,NA,NA,NA,NA,NA,NA,NA,NA,NA,NA,NA,2,5,2,5,2,7,2,5,1,6,3,6,2,6,2,4,2,5,2,4,2,3,5,NA,NA,NA,NA,NA,NA,4,4,5,0
"306",5,2,5,2,6,3,6,3,5,2,5,2,5,2,5,6,6,3,6,3,NA,NA,NA,NA,NA,NA,NA,NA,NA,NA,NA,NA,NA,NA,NA,NA,NA,NA,NA,NA,NA,NA,NA,5,5,5,5,3,6,NA,NA,NA,1
"307",6,6,1,7,6,6,4,4,3,3,1,3,3,3,1,3,3,3,1,3,NA,NA,NA,NA,NA,NA,NA,NA,NA,NA,NA,NA,NA,NA,NA,NA,NA,NA,NA,NA,NA,NA,NA,2,4,2,3,3,1,NA,NA,NA,1
"308",1,1,1,1,2,2,2,3,2,1,3,2,2,2,3,2,1,1,1,1,NA,NA,NA,NA,NA,NA,NA,NA,NA,NA,NA,NA,NA,NA,NA,NA,NA,NA,NA,NA,NA,NA,NA,1,2,2,2,1,1,NA,NA,NA,1
"309",NA,NA,NA,NA,NA,NA,NA,NA,NA,NA,NA,NA,NA,NA,NA,NA,NA,NA,NA,NA,5,3,2,6,5,3,3,5,6,3,2,6,5,3,3,5,5,3,3,5,2,5,5,NA,NA,NA,NA,NA,NA,5,3,5,0
"310",4,3,3,7,5,5,4,7,6,6,4,7,5,5,4,7,3,3,3,7,NA,NA,NA,NA,NA,NA,NA,NA,NA,NA,NA,NA,NA,NA,NA,NA,NA,NA,NA,NA,NA,NA,NA,3,5,3,4,3,2,NA,NA,NA,1
"311",2,2,2,2,3,3,3,3,3,3,3,3,4,3,1,3,2,2,2,2,NA,NA,NA,NA,NA,NA,NA,NA,NA,NA,NA,NA,NA,NA,NA,NA,NA,NA,NA,NA,NA,NA,NA,2,5,3,6,3,2,NA,NA,NA,1
"312",NA,NA,NA,NA,NA,NA,NA,NA,NA,NA,NA,NA,NA,NA,NA,NA,NA,NA,NA,NA,6,4,4,4,4,4,4,4,4,5,4,4,6,4,4,4,4,4,4,4,3,4,3,NA,NA,NA,NA,NA,NA,1,3,1,0
"313",NA,NA,NA,NA,NA,NA,NA,NA,NA,NA,NA,NA,NA,NA,NA,NA,NA,NA,NA,NA,2,2,2,2,2,2,2,2,2,2,2,2,2,2,2,3,1,1,1,1,2,3,2,NA,NA,NA,NA,NA,NA,1,1,1,0
"314",5,2,7,1,3,1,6,1,5,2,7,2,5,2,6,1,4,2,7,2,NA,NA,NA,NA,NA,NA,NA,NA,NA,NA,NA,NA,NA,NA,NA,NA,NA,NA,NA,NA,NA,NA,NA,6,4,7,6,1,6,NA,NA,NA,1
"315",NA,NA,NA,NA,NA,NA,NA,NA,NA,NA,NA,NA,NA,NA,NA,NA,NA,NA,NA,NA,1,1,1,1,1,1,1,1,1,1,1,1,1,1,1,1,1,1,1,1,1,1,1,NA,NA,NA,NA,NA,NA,1,1,1,0
"316",1,1,1,1,5,3,7,7,4,4,4,4,4,4,4,4,2,1,1,1,NA,NA,NA,NA,NA,NA,NA,NA,NA,NA,NA,NA,NA,NA,NA,NA,NA,NA,NA,NA,NA,NA,NA,1,1,1,4,4,4,NA,NA,NA,1
"317",NA,NA,NA,NA,NA,NA,NA,NA,NA,NA,NA,NA,NA,NA,NA,NA,NA,NA,NA,NA,1,2,1,1,1,1,1,1,1,1,1,1,1,1,1,1,1,1,1,1,2,1,1,NA,NA,NA,NA,NA,NA,2,2,1,0
"318",7,5,4,7,3,3,2,6,6,5,2,6,6,4,4,6,7,6,4,7,NA,NA,NA,NA,NA,NA,NA,NA,NA,NA,NA,NA,NA,NA,NA,NA,NA,NA,NA,NA,NA,NA,NA,6,5,6,2,2,2,NA,NA,NA,1
"319",1,2,2,3,2,2,2,2,2,2,2,6,2,2,6,2,3,3,1,2,NA,NA,NA,NA,NA,NA,NA,NA,NA,NA,NA,NA,NA,NA,NA,NA,NA,NA,NA,NA,NA,NA,NA,2,2,2,2,5,2,NA,NA,NA,1
"320",3,6,2,5,2,5,2,6,2,5,2,6,2,6,3,6,2,5,2,5,NA,NA,NA,NA,NA,NA,NA,NA,NA,NA,NA,NA,NA,NA,NA,NA,NA,NA,NA,NA,NA,NA,NA,2,3,3,2,6,3,NA,NA,NA,1
"321",7,3,3,7,7,2,2,6,7,4,4,7,7,4,4,7,7,4,3,7,NA,NA,NA,NA,NA,NA,NA,NA,NA,NA,NA,NA,NA,NA,NA,NA,NA,NA,NA,NA,NA,NA,NA,5,4,4,5,6,4,NA,NA,NA,1
"322",3,3,4,6,6,4,4,6,3,4,4,6,4,3,4,6,4,4,4,6,NA,NA,NA,NA,NA,NA,NA,NA,NA,NA,NA,NA,NA,NA,NA,NA,NA,NA,NA,NA,NA,NA,NA,6,4,4,4,4,4,NA,NA,NA,1
"323",NA,NA,NA,NA,NA,NA,NA,NA,NA,NA,NA,NA,NA,NA,NA,NA,NA,NA,NA,NA,1,1,1,1,1,1,1,1,1,1,1,1,1,1,1,1,1,1,1,1,1,1,2,NA,NA,NA,NA,NA,NA,1,1,1,0
"324",4,3,3,5,5,5,4,5,4,3,4,5,4,3,4,5,4,3,4,5,NA,NA,NA,NA,NA,NA,NA,NA,NA,NA,NA,NA,NA,NA,NA,NA,NA,NA,NA,NA,NA,NA,NA,4,4,4,3,3,3,NA,NA,NA,1
"325",5,6,3,3,7,5,5,5,1,1,1,2,7,5,5,5,3,3,2,3,NA,NA,NA,NA,NA,NA,NA,NA,NA,NA,NA,NA,NA,NA,NA,NA,NA,NA,NA,NA,NA,NA,NA,3,3,5,1,2,2,NA,NA,NA,1
"326",NA,NA,NA,NA,NA,NA,NA,NA,NA,NA,NA,NA,NA,NA,NA,NA,NA,NA,NA,NA,4,2,4,7,4,1,4,7,4,1,4,7,4,2,3,7,4,1,4,7,7,4,6,NA,NA,NA,NA,NA,NA,1,3,1,0
"327",1,1,1,1,1,1,1,1,1,1,1,1,1,1,1,3,1,1,1,3,NA,NA,NA,NA,NA,NA,NA,NA,NA,NA,NA,NA,NA,NA,NA,NA,NA,NA,NA,NA,NA,NA,NA,1,1,2,2,1,1,NA,NA,NA,1
"328",2,2,1,2,4,4,3,4,2,3,1,2,2,2,1,2,2,3,1,2,NA,NA,NA,NA,NA,NA,NA,NA,NA,NA,NA,NA,NA,NA,NA,NA,NA,NA,NA,NA,NA,NA,NA,1,2,2,4,3,2,NA,NA,NA,1
"329",7,7,3,7,7,7,5,7,7,7,3,7,7,7,5,7,7,6,3,7,NA,NA,NA,NA,NA,NA,NA,NA,NA,NA,NA,NA,NA,NA,NA,NA,NA,NA,NA,NA,NA,NA,NA,5,2,3,1,1,1,NA,NA,NA,1
"330",NA,NA,NA,NA,NA,NA,NA,NA,NA,NA,NA,NA,NA,NA,NA,NA,NA,NA,NA,NA,1,1,1,1,1,1,1,2,1,1,1,1,1,1,1,1,1,1,1,1,1,3,2,NA,NA,NA,NA,NA,NA,1,1,1,0
"331",NA,NA,NA,NA,NA,NA,NA,NA,NA,NA,NA,NA,NA,NA,NA,NA,NA,NA,NA,NA,1,1,1,1,1,1,1,1,2,1,1,1,1,1,1,1,6,3,4,3,1,1,1,NA,NA,NA,NA,NA,NA,2,2,2,0
"332",4,3,5,4,5,3,5,3,6,3,6,3,6,3,5,4,5,3,5,4,NA,NA,NA,NA,NA,NA,NA,NA,NA,NA,NA,NA,NA,NA,NA,NA,NA,NA,NA,NA,NA,NA,NA,2,3,2,5,4,4,NA,NA,NA,1
"333",NA,NA,NA,NA,NA,NA,NA,NA,NA,NA,NA,NA,NA,NA,NA,NA,NA,NA,NA,NA,1,2,2,4,1,1,1,6,1,1,2,6,1,1,1,6,1,1,1,6,2,2,2,NA,NA,NA,NA,NA,NA,2,1,2,0
"334",7,6,4,7,5,6,3,7,7,7,4,7,7,7,4,7,7,6,3,7,NA,NA,NA,NA,NA,NA,NA,NA,NA,NA,NA,NA,NA,NA,NA,NA,NA,NA,NA,NA,NA,NA,NA,7,7,6,6,6,2,NA,NA,NA,1
"335",3,3,2,5,7,6,5,6,4,4,3,7,5,6,5,7,5,5,6,7,NA,NA,NA,NA,NA,NA,NA,NA,NA,NA,NA,NA,NA,NA,NA,NA,NA,NA,NA,NA,NA,NA,NA,1,2,1,4,4,3,NA,NA,NA,1
"336",NA,NA,NA,NA,NA,NA,NA,NA,NA,NA,NA,NA,NA,NA,NA,NA,NA,NA,NA,NA,2,2,2,3,2,2,2,2,2,2,2,2,2,2,2,3,1,1,2,2,1,1,1,NA,NA,NA,NA,NA,NA,2,2,4,0
"337",1,2,1,2,1,4,1,2,1,3,1,1,1,3,1,2,1,3,1,1,NA,NA,NA,NA,NA,NA,NA,NA,NA,NA,NA,NA,NA,NA,NA,NA,NA,NA,NA,NA,NA,NA,NA,1,1,2,3,3,1,NA,NA,NA,1
"338",NA,NA,NA,NA,NA,NA,NA,NA,NA,NA,NA,NA,NA,NA,NA,NA,NA,NA,NA,NA,4,2,4,3,2,2,2,2,4,4,3,4,2,2,2,2,1,1,1,1,3,3,5,NA,NA,NA,NA,NA,NA,1,2,1,0
"339",NA,NA,NA,NA,NA,NA,NA,NA,NA,NA,NA,NA,NA,NA,NA,NA,NA,NA,NA,NA,1,1,1,1,1,1,1,1,1,1,1,1,1,1,1,1,1,1,1,1,1,2,1,NA,NA,NA,NA,NA,NA,1,2,1,0
"340",NA,NA,NA,NA,NA,NA,NA,NA,NA,NA,NA,NA,NA,NA,NA,NA,NA,NA,NA,NA,6,6,6,6,2,2,2,2,2,2,2,2,5,6,5,6,2,2,1,2,4,4,4,NA,NA,NA,NA,NA,NA,5,5,3,0
"341",7,6,4,7,7,5,4,7,7,6,4,7,7,5,4,7,7,6,4,7,NA,NA,NA,NA,NA,NA,NA,NA,NA,NA,NA,NA,NA,NA,NA,NA,NA,NA,NA,NA,NA,NA,NA,5,4,6,5,6,3,NA,NA,NA,1
"342",NA,NA,NA,NA,NA,NA,NA,NA,NA,NA,NA,NA,NA,NA,NA,NA,NA,NA,NA,NA,1,1,1,1,7,3,7,5,1,1,1,1,1,1,1,1,1,2,1,1,1,1,1,NA,NA,NA,NA,NA,NA,1,2,1,0
"343",3,3,2,3,3,3,3,3,6,3,4,4,3,3,3,3,3,2,2,3,NA,NA,NA,NA,NA,NA,NA,NA,NA,NA,NA,NA,NA,NA,NA,NA,NA,NA,NA,NA,NA,NA,NA,2,3,1,5,5,2,NA,NA,NA,1
"344",2,2,4,2,2,2,4,2,4,4,4,4,2,4,4,6,4,4,4,4,NA,NA,NA,NA,NA,NA,NA,NA,NA,NA,NA,NA,NA,NA,NA,NA,NA,NA,NA,NA,NA,NA,NA,2,2,2,2,4,2,NA,NA,NA,1
"345",2,4,2,2,3,4,2,3,2,4,1,2,2,4,1,2,2,4,1,2,NA,NA,NA,NA,NA,NA,NA,NA,NA,NA,NA,NA,NA,NA,NA,NA,NA,NA,NA,NA,NA,NA,NA,3,3,2,3,3,1,NA,NA,NA,1
"346",NA,NA,NA,NA,NA,NA,NA,NA,NA,NA,NA,NA,NA,NA,NA,NA,NA,NA,NA,NA,2,2,2,2,1,1,2,2,1,1,1,2,2,2,2,3,1,1,2,2,1,2,1,NA,NA,NA,NA,NA,NA,2,2,2,0
"347",NA,NA,NA,NA,NA,NA,NA,NA,NA,NA,NA,NA,NA,NA,NA,NA,NA,NA,NA,NA,2,2,4,4,2,2,3,3,2,2,3,3,2,2,2,3,2,2,3,4,2,2,2,NA,NA,NA,NA,NA,NA,2,2,2,0
"348",2,3,2,2,6,6,6,6,3,4,2,5,3,3,2,2,2,2,2,3,NA,NA,NA,NA,NA,NA,NA,NA,NA,NA,NA,NA,NA,NA,NA,NA,NA,NA,NA,NA,NA,NA,NA,5,5,5,3,5,3,NA,NA,NA,1
"349",NA,NA,NA,NA,NA,NA,NA,NA,NA,NA,NA,NA,NA,NA,NA,NA,NA,NA,NA,NA,2,2,2,6,1,1,1,1,1,1,1,1,1,1,1,1,1,1,1,1,2,3,2,NA,NA,NA,NA,NA,NA,1,1,1,0
"350",NA,NA,NA,NA,NA,NA,NA,NA,NA,NA,NA,NA,NA,NA,NA,NA,NA,NA,NA,NA,5,5,5,5,2,2,1,2,1,1,1,1,1,1,1,1,1,1,1,1,1,2,1,NA,NA,NA,NA,NA,NA,1,1,1,0
"351",5,6,3,6,2,3,6,2,6,6,6,7,3,1,2,1,5,6,6,6,NA,NA,NA,NA,NA,NA,NA,NA,NA,NA,NA,NA,NA,NA,NA,NA,NA,NA,NA,NA,NA,NA,NA,5,5,6,1,7,6,NA,NA,NA,1
"352",NA,NA,NA,NA,NA,NA,NA,NA,NA,NA,NA,NA,NA,NA,NA,NA,NA,NA,NA,NA,2,2,2,2,2,2,2,2,2,2,2,2,2,2,2,2,2,2,2,2,2,2,2,NA,NA,NA,NA,NA,NA,2,2,2,0
"353",2,3,2,2,3,5,2,2,2,5,2,2,5,2,4,5,2,2,2,2,NA,NA,NA,NA,NA,NA,NA,NA,NA,NA,NA,NA,NA,NA,NA,NA,NA,NA,NA,NA,NA,NA,NA,2,5,2,6,5,4,NA,NA,NA,1
"354",NA,NA,NA,NA,NA,NA,NA,NA,NA,NA,NA,NA,NA,NA,NA,NA,NA,NA,NA,NA,4,4,4,4,4,4,4,4,4,4,4,4,4,4,4,4,4,4,4,4,3,5,3,NA,NA,NA,NA,NA,NA,2,2,4,0
"355",1,5,1,1,1,3,1,1,2,5,1,1,2,6,2,2,3,5,2,2,NA,NA,NA,NA,NA,NA,NA,NA,NA,NA,NA,NA,NA,NA,NA,NA,NA,NA,NA,NA,NA,NA,NA,1,1,1,2,1,1,NA,NA,NA,1
"356",1,4,1,2,1,3,1,4,1,6,1,3,1,4,1,3,2,3,1,4,NA,NA,NA,NA,NA,NA,NA,NA,NA,NA,NA,NA,NA,NA,NA,NA,NA,NA,NA,NA,NA,NA,NA,2,1,5,1,3,1,NA,NA,NA,1
"357",NA,NA,NA,NA,NA,NA,NA,NA,NA,NA,NA,NA,NA,NA,NA,NA,NA,NA,NA,NA,1,1,1,1,1,1,1,1,1,1,1,1,1,1,1,1,1,1,1,2,2,1,2,NA,NA,NA,NA,NA,NA,1,1,1,0
"358",NA,NA,NA,NA,NA,NA,NA,NA,NA,NA,NA,NA,NA,NA,NA,NA,NA,NA,NA,NA,7,5,6,7,7,6,7,7,7,6,7,7,7,5,6,7,5,2,1,4,5,5,1,NA,NA,NA,NA,NA,NA,1,3,1,0
"359",6,4,3,4,4,3,3,4,6,3,3,4,6,4,3,4,7,4,2,4,NA,NA,NA,NA,NA,NA,NA,NA,NA,NA,NA,NA,NA,NA,NA,NA,NA,NA,NA,NA,NA,NA,NA,2,3,2,2,2,1,NA,NA,NA,1
"360",NA,NA,NA,NA,NA,NA,NA,NA,NA,NA,NA,NA,NA,NA,NA,NA,NA,NA,NA,NA,1,1,1,1,1,1,1,1,1,1,1,1,1,1,1,1,1,1,1,1,5,1,6,NA,NA,NA,NA,NA,NA,1,1,1,0
"361",NA,NA,NA,NA,NA,NA,NA,NA,NA,NA,NA,NA,NA,NA,NA,NA,NA,NA,NA,NA,1,2,4,2,4,5,2,5,1,1,2,2,3,2,4,4,1,1,2,2,1,2,2,NA,NA,NA,NA,NA,NA,1,1,2,0
"362",2,3,2,4,3,3,2,4,2,3,2,4,2,3,1,4,2,3,1,4,NA,NA,NA,NA,NA,NA,NA,NA,NA,NA,NA,NA,NA,NA,NA,NA,NA,NA,NA,NA,NA,NA,NA,4,4,5,2,5,1,NA,NA,NA,1
"363",NA,NA,NA,NA,NA,NA,NA,NA,NA,NA,NA,NA,NA,NA,NA,NA,NA,NA,NA,NA,1,1,1,7,1,1,1,6,1,1,1,5,1,1,1,6,1,1,1,6,4,2,1,NA,NA,NA,NA,NA,NA,1,1,1,0
"364",7,7,7,7,7,7,7,7,7,7,7,7,7,7,7,7,7,7,7,7,NA,NA,NA,NA,NA,NA,NA,NA,NA,NA,NA,NA,NA,NA,NA,NA,NA,NA,NA,NA,NA,NA,NA,7,7,4,5,7,1,NA,NA,NA,1
"365",NA,NA,NA,NA,NA,NA,NA,NA,NA,NA,NA,NA,NA,NA,NA,NA,NA,NA,NA,NA,1,1,1,1,1,1,1,1,1,1,1,1,1,1,1,1,1,1,1,1,1,1,1,NA,NA,NA,NA,NA,NA,1,2,1,0
"366",2,5,1,1,1,5,1,1,2,5,1,2,1,1,1,1,1,3,1,1,NA,NA,NA,NA,NA,NA,NA,NA,NA,NA,NA,NA,NA,NA,NA,NA,NA,NA,NA,NA,NA,NA,NA,2,4,2,5,2,2,NA,NA,NA,1
"367",6,6,4,4,5,3,3,3,5,5,6,4,7,7,7,4,6,2,4,4,NA,NA,NA,NA,NA,NA,NA,NA,NA,NA,NA,NA,NA,NA,NA,NA,NA,NA,NA,NA,NA,NA,NA,7,7,7,6,6,1,NA,NA,NA,1
"368",NA,NA,NA,NA,NA,NA,NA,NA,NA,NA,NA,NA,NA,NA,NA,NA,NA,NA,NA,NA,4,5,2,5,3,6,3,6,4,2,2,3,3,4,5,4,3,4,5,4,3,4,4,NA,NA,NA,NA,NA,NA,2,7,3,0
"369",2,3,3,3,2,3,3,4,2,3,4,3,2,3,3,3,2,3,3,3,NA,NA,NA,NA,NA,NA,NA,NA,NA,NA,NA,NA,NA,NA,NA,NA,NA,NA,NA,NA,NA,NA,NA,2,3,2,3,3,2,NA,NA,NA,1
"370",NA,NA,NA,NA,NA,NA,NA,NA,NA,NA,NA,NA,NA,NA,NA,NA,NA,NA,NA,NA,1,1,1,3,4,4,4,4,4,4,4,4,4,4,4,4,4,4,4,4,5,6,5,NA,NA,NA,NA,NA,NA,2,6,2,0
"371",NA,NA,NA,NA,NA,NA,NA,NA,NA,NA,NA,NA,NA,NA,NA,NA,NA,NA,NA,NA,2,2,2,2,2,2,2,2,2,2,2,2,2,2,2,2,2,2,2,2,3,3,4,NA,NA,NA,NA,NA,NA,2,2,2,0
"372",1,1,1,1,2,2,2,2,3,3,2,3,1,2,2,2,1,1,1,2,NA,NA,NA,NA,NA,NA,NA,NA,NA,NA,NA,NA,NA,NA,NA,NA,NA,NA,NA,NA,NA,NA,NA,1,2,2,1,3,1,NA,NA,NA,1
"373",4,5,4,6,4,2,3,4,3,3,2,4,3,2,4,4,5,5,4,5,NA,NA,NA,NA,NA,NA,NA,NA,NA,NA,NA,NA,NA,NA,NA,NA,NA,NA,NA,NA,NA,NA,NA,1,2,2,5,1,1,NA,NA,NA,1
"374",3,3,3,3,2,3,2,3,3,2,3,3,2,2,2,2,2,2,2,2,NA,NA,NA,NA,NA,NA,NA,NA,NA,NA,NA,NA,NA,NA,NA,NA,NA,NA,NA,NA,NA,NA,NA,1,2,1,6,5,3,NA,NA,NA,1
"375",NA,NA,NA,NA,NA,NA,NA,NA,NA,NA,NA,NA,NA,NA,NA,NA,NA,NA,NA,NA,2,2,2,2,3,4,3,2,2,2,1,2,1,3,1,2,3,2,2,2,3,2,3,NA,NA,NA,NA,NA,NA,2,3,1,0
"376",NA,NA,NA,NA,NA,NA,NA,NA,NA,NA,NA,NA,NA,NA,NA,NA,NA,NA,NA,NA,1,2,1,2,1,2,1,2,1,2,1,1,1,1,1,1,1,2,1,2,2,2,2,NA,NA,NA,NA,NA,NA,2,2,2,0
"377",4,3,3,5,4,4,3,5,5,5,4,5,5,4,3,6,4,4,3,5,NA,NA,NA,NA,NA,NA,NA,NA,NA,NA,NA,NA,NA,NA,NA,NA,NA,NA,NA,NA,NA,NA,NA,3,3,4,5,4,2,NA,NA,NA,1
"378",2,4,3,4,6,6,4,5,4,4,4,4,4,4,4,4,3,3,4,3,NA,NA,NA,NA,NA,NA,NA,NA,NA,NA,NA,NA,NA,NA,NA,NA,NA,NA,NA,NA,NA,NA,NA,2,4,4,3,2,3,NA,NA,NA,1
"379",NA,NA,NA,NA,NA,NA,NA,NA,NA,NA,NA,NA,NA,NA,NA,NA,NA,NA,NA,NA,4,1,4,4,4,1,4,4,4,1,4,4,4,1,4,4,4,1,4,3,1,1,1,NA,NA,NA,NA,NA,NA,1,1,1,0
"380",3,3,1,2,3,4,2,2,4,6,2,3,2,6,2,2,3,3,4,6,NA,NA,NA,NA,NA,NA,NA,NA,NA,NA,NA,NA,NA,NA,NA,NA,NA,NA,NA,NA,NA,NA,NA,2,3,4,4,5,2,NA,NA,NA,1
"381",7,5,4,4,7,5,4,4,7,5,4,4,7,5,4,4,7,5,4,5,NA,NA,NA,NA,NA,NA,NA,NA,NA,NA,NA,NA,NA,NA,NA,NA,NA,NA,NA,NA,NA,NA,NA,4,4,4,4,4,4,NA,NA,NA,1
"382",NA,NA,NA,NA,NA,NA,NA,NA,NA,NA,NA,NA,NA,NA,NA,NA,NA,NA,NA,NA,4,4,4,5,4,2,4,2,4,2,3,3,4,3,3,3,5,5,5,5,2,2,2,NA,NA,NA,NA,NA,NA,1,3,1,0
"383",7,7,4,7,7,7,4,4,7,7,4,7,7,7,4,4,7,7,4,7,NA,NA,NA,NA,NA,NA,NA,NA,NA,NA,NA,NA,NA,NA,NA,NA,NA,NA,NA,NA,NA,NA,NA,6,6,7,1,1,1,NA,NA,NA,1
"384",NA,NA,NA,NA,NA,NA,NA,NA,NA,NA,NA,NA,NA,NA,NA,NA,NA,NA,NA,NA,1,2,1,3,3,2,3,3,2,1,2,2,4,3,2,3,2,2,2,4,3,2,3,NA,NA,NA,NA,NA,NA,2,1,1,0
"385",NA,NA,NA,NA,NA,NA,NA,NA,NA,NA,NA,NA,NA,NA,NA,NA,NA,NA,NA,NA,4,3,2,3,4,2,2,4,4,2,1,6,1,1,1,6,2,2,1,4,6,6,6,NA,NA,NA,NA,NA,NA,4,1,5,0
"386",1,1,1,1,7,4,6,7,4,2,4,6,5,1,2,6,2,1,2,3,NA,NA,NA,NA,NA,NA,NA,NA,NA,NA,NA,NA,NA,NA,NA,NA,NA,NA,NA,NA,NA,NA,NA,6,4,6,6,6,7,NA,NA,NA,1
"387",2,3,3,5,2,2,3,5,3,4,3,5,3,3,3,5,3,3,3,5,NA,NA,NA,NA,NA,NA,NA,NA,NA,NA,NA,NA,NA,NA,NA,NA,NA,NA,NA,NA,NA,NA,NA,5,4,6,6,5,6,NA,NA,NA,1
"388",NA,NA,NA,NA,NA,NA,NA,NA,NA,NA,NA,NA,NA,NA,NA,NA,NA,NA,NA,NA,1,1,1,1,1,1,1,1,1,1,1,1,1,1,1,1,1,1,1,1,1,1,1,NA,NA,NA,NA,NA,NA,1,1,1,0
"389",NA,NA,NA,NA,NA,NA,NA,NA,NA,NA,NA,NA,NA,NA,NA,NA,NA,NA,NA,NA,6,6,6,6,6,6,6,6,6,6,6,6,6,6,6,6,6,6,6,6,2,3,2,NA,NA,NA,NA,NA,NA,2,3,2,0
"390",NA,NA,NA,NA,NA,NA,NA,NA,NA,NA,NA,NA,NA,NA,NA,NA,NA,NA,NA,NA,6,2,3,3,5,6,6,2,6,1,3,3,5,6,5,3,6,6,5,1,4,6,6,NA,NA,NA,NA,NA,NA,2,2,5,0
"391",NA,NA,NA,NA,NA,NA,NA,NA,NA,NA,NA,NA,NA,NA,NA,NA,NA,NA,NA,NA,7,3,7,3,7,6,7,7,3,3,2,3,6,3,3,3,7,6,5,5,1,1,1,NA,NA,NA,NA,NA,NA,1,1,1,0
"392",3,4,2,3,2,2,2,2,2,3,2,2,2,2,1,2,3,4,2,3,NA,NA,NA,NA,NA,NA,NA,NA,NA,NA,NA,NA,NA,NA,NA,NA,NA,NA,NA,NA,NA,NA,NA,3,3,2,3,3,3,NA,NA,NA,1
"393",NA,NA,NA,NA,NA,NA,NA,NA,NA,NA,NA,NA,NA,NA,NA,NA,NA,NA,NA,NA,2,2,2,4,1,1,1,4,4,6,4,6,2,2,2,5,1,1,1,4,2,1,3,NA,NA,NA,NA,NA,NA,1,1,2,0
"394",NA,NA,NA,NA,NA,NA,NA,NA,NA,NA,NA,NA,NA,NA,NA,NA,NA,NA,NA,NA,5,4,5,4,5,4,5,3,5,3,5,4,5,4,6,3,4,5,5,5,4,6,5,NA,NA,NA,NA,NA,NA,4,3,5,0
"395",NA,NA,NA,NA,NA,NA,NA,NA,NA,NA,NA,NA,NA,NA,NA,NA,NA,NA,NA,NA,1,2,1,1,1,1,1,1,1,1,1,1,1,1,1,1,1,1,1,1,1,1,1,NA,NA,NA,NA,NA,NA,1,1,1,0
"396",NA,NA,NA,NA,NA,NA,NA,NA,NA,NA,NA,NA,NA,NA,NA,NA,NA,NA,NA,NA,1,1,1,1,1,1,1,1,1,1,1,1,1,1,1,1,1,1,1,1,1,1,1,NA,NA,NA,NA,NA,NA,1,1,1,0
"397",NA,NA,NA,NA,NA,NA,NA,NA,NA,NA,NA,NA,NA,NA,NA,NA,NA,NA,NA,NA,3,5,4,7,4,2,3,4,6,6,4,4,4,3,3,7,6,3,4,7,4,4,3,NA,NA,NA,NA,NA,NA,5,3,4,0
"398",5,6,4,5,2,4,2,7,4,7,2,5,3,2,4,4,5,6,3,7,NA,NA,NA,NA,NA,NA,NA,NA,NA,NA,NA,NA,NA,NA,NA,NA,NA,NA,NA,NA,NA,NA,NA,4,2,5,2,5,4,NA,NA,NA,1
"399",NA,NA,NA,NA,NA,NA,NA,NA,NA,NA,NA,NA,NA,NA,NA,NA,NA,NA,NA,NA,1,1,1,1,1,1,1,2,1,1,1,2,1,1,1,1,1,1,1,2,1,1,1,NA,NA,NA,NA,NA,NA,2,2,2,0
"400",NA,NA,NA,NA,NA,NA,NA,NA,NA,NA,NA,NA,NA,NA,NA,NA,NA,NA,NA,NA,1,1,1,1,1,1,1,1,1,1,1,1,1,1,2,1,1,1,1,1,2,3,3,NA,NA,NA,NA,NA,NA,1,3,1,0
"401",3,3,3,3,3,3,4,3,4,5,3,3,4,4,3,3,4,4,3,3,NA,NA,NA,NA,NA,NA,NA,NA,NA,NA,NA,NA,NA,NA,NA,NA,NA,NA,NA,NA,NA,NA,NA,3,5,3,2,2,2,NA,NA,NA,1
"402",1,4,2,3,2,4,2,2,2,4,2,2,2,4,2,2,2,4,2,2,NA,NA,NA,NA,NA,NA,NA,NA,NA,NA,NA,NA,NA,NA,NA,NA,NA,NA,NA,NA,NA,NA,NA,3,4,4,5,4,4,NA,NA,NA,1
"403",NA,NA,NA,NA,NA,NA,NA,NA,NA,NA,NA,NA,NA,NA,NA,NA,NA,NA,NA,NA,2,1,3,1,2,2,2,3,2,2,2,2,2,2,1,1,2,3,1,1,7,7,6,NA,NA,NA,NA,NA,NA,1,1,2,0
"404",6,1,5,2,6,1,5,2,6,1,6,1,6,3,6,2,6,3,6,3,NA,NA,NA,NA,NA,NA,NA,NA,NA,NA,NA,NA,NA,NA,NA,NA,NA,NA,NA,NA,NA,NA,NA,5,6,5,5,2,6,NA,NA,NA,1
"405",5,4,4,5,5,4,4,5,5,3,4,5,3,4,5,5,5,4,5,4,NA,NA,NA,NA,NA,NA,NA,NA,NA,NA,NA,NA,NA,NA,NA,NA,NA,NA,NA,NA,NA,NA,NA,5,4,5,5,4,4,NA,NA,NA,1
"406",NA,NA,NA,NA,NA,NA,NA,NA,NA,NA,NA,NA,NA,NA,NA,NA,NA,NA,NA,NA,4,4,5,6,2,3,3,4,1,1,4,4,1,1,2,4,2,2,4,3,1,1,1,NA,NA,NA,NA,NA,NA,1,1,1,0
"407",2,3,2,4,2,2,3,3,3,3,2,3,2,2,2,3,2,3,2,4,NA,NA,NA,NA,NA,NA,NA,NA,NA,NA,NA,NA,NA,NA,NA,NA,NA,NA,NA,NA,NA,NA,NA,2,1,2,2,4,1,NA,NA,NA,1
"408",NA,NA,NA,NA,NA,NA,NA,NA,NA,NA,NA,NA,NA,NA,NA,NA,NA,NA,NA,NA,1,2,1,2,1,1,1,1,1,1,1,1,1,2,1,1,1,1,1,1,2,5,4,NA,NA,NA,NA,NA,NA,1,7,1,0
"409",1,2,1,1,1,3,1,1,1,3,1,1,1,2,1,1,1,3,1,1,NA,NA,NA,NA,NA,NA,NA,NA,NA,NA,NA,NA,NA,NA,NA,NA,NA,NA,NA,NA,NA,NA,NA,1,1,1,2,1,1,NA,NA,NA,1
"410",1,1,1,1,1,1,1,1,1,1,1,1,1,1,1,1,1,1,1,1,NA,NA,NA,NA,NA,NA,NA,NA,NA,NA,NA,NA,NA,NA,NA,NA,NA,NA,NA,NA,NA,NA,NA,1,1,1,1,1,1,NA,NA,NA,1
"411",5,2,4,4,5,2,4,4,5,2,4,4,5,3,4,4,5,2,4,5,NA,NA,NA,NA,NA,NA,NA,NA,NA,NA,NA,NA,NA,NA,NA,NA,NA,NA,NA,NA,NA,NA,NA,5,4,6,3,5,3,NA,NA,NA,1
"412",NA,NA,NA,NA,NA,NA,NA,NA,NA,NA,NA,NA,NA,NA,NA,NA,NA,NA,NA,NA,2,2,2,3,1,1,1,2,1,1,1,3,1,1,1,2,1,1,1,1,1,1,1,NA,NA,NA,NA,NA,NA,1,2,1,0
"413",NA,NA,NA,NA,NA,NA,NA,NA,NA,NA,NA,NA,NA,NA,NA,NA,NA,NA,NA,NA,1,1,1,1,1,1,1,1,1,5,1,1,1,1,1,1,1,1,1,1,4,6,1,NA,NA,NA,NA,NA,NA,1,2,1,0
"414",2,2,1,2,2,4,2,2,4,4,2,2,4,4,2,2,4,4,2,2,NA,NA,NA,NA,NA,NA,NA,NA,NA,NA,NA,NA,NA,NA,NA,NA,NA,NA,NA,NA,NA,NA,NA,2,4,2,4,4,2,NA,NA,NA,1
"415",6,4,4,4,4,5,4,5,4,3,4,4,4,5,4,4,5,3,4,4,NA,NA,NA,NA,NA,NA,NA,NA,NA,NA,NA,NA,NA,NA,NA,NA,NA,NA,NA,NA,NA,NA,NA,3,3,4,5,3,4,NA,NA,NA,1
"416",NA,NA,NA,NA,NA,NA,NA,NA,NA,NA,NA,NA,NA,NA,NA,NA,NA,NA,NA,NA,1,1,1,1,1,1,1,1,1,1,1,1,1,1,1,1,1,1,1,1,1,3,2,NA,NA,NA,NA,NA,NA,1,1,2,0
"417",1,1,2,5,7,6,6,7,3,1,2,6,3,1,2,7,1,1,1,5,NA,NA,NA,NA,NA,NA,NA,NA,NA,NA,NA,NA,NA,NA,NA,NA,NA,NA,NA,NA,NA,NA,NA,1,3,2,5,2,2,NA,NA,NA,1
"418",NA,NA,NA,NA,NA,NA,NA,NA,NA,NA,NA,NA,NA,NA,NA,NA,NA,NA,NA,NA,1,7,1,2,1,1,1,1,2,2,3,3,1,2,2,3,1,1,1,2,2,1,1,NA,NA,NA,NA,NA,NA,2,2,2,0
"419",2,1,2,2,4,3,4,4,4,2,4,4,4,4,4,4,3,3,3,3,NA,NA,NA,NA,NA,NA,NA,NA,NA,NA,NA,NA,NA,NA,NA,NA,NA,NA,NA,NA,NA,NA,NA,5,5,6,6,4,4,NA,NA,NA,1
"420",6,5,4,4,5,5,3,4,6,3,5,5,6,5,4,4,6,5,5,5,NA,NA,NA,NA,NA,NA,NA,NA,NA,NA,NA,NA,NA,NA,NA,NA,NA,NA,NA,NA,NA,NA,NA,3,2,2,2,2,1,NA,NA,NA,1
"421",5,4,4,3,7,6,5,7,6,5,4,6,6,6,4,5,6,5,4,4,NA,NA,NA,NA,NA,NA,NA,NA,NA,NA,NA,NA,NA,NA,NA,NA,NA,NA,NA,NA,NA,NA,NA,5,1,6,1,1,1,NA,NA,NA,1
"422",6,3,2,2,6,5,6,6,6,3,4,5,6,5,5,5,6,2,2,2,NA,NA,NA,NA,NA,NA,NA,NA,NA,NA,NA,NA,NA,NA,NA,NA,NA,NA,NA,NA,NA,NA,NA,3,3,3,5,3,5,NA,NA,NA,1
"423",NA,NA,NA,NA,NA,NA,NA,NA,NA,NA,NA,NA,NA,NA,NA,NA,NA,NA,NA,NA,1,2,2,3,1,1,1,2,1,1,1,1,1,1,2,3,1,1,2,3,6,6,6,NA,NA,NA,NA,NA,NA,2,2,4,0
"424",7,6,4,6,3,7,3,5,5,5,4,5,6,7,4,5,7,7,4,5,NA,NA,NA,NA,NA,NA,NA,NA,NA,NA,NA,NA,NA,NA,NA,NA,NA,NA,NA,NA,NA,NA,NA,5,2,4,1,2,2,NA,NA,NA,1
"425",NA,NA,NA,NA,NA,NA,NA,NA,NA,NA,NA,NA,NA,NA,NA,NA,NA,NA,NA,NA,7,1,4,7,7,7,4,7,7,1,5,7,7,1,4,7,7,1,4,7,1,1,7,NA,NA,NA,NA,NA,NA,2,5,2,0
"426",NA,NA,NA,NA,NA,NA,NA,NA,NA,NA,NA,NA,NA,NA,NA,NA,NA,NA,NA,NA,1,3,4,3,1,3,4,2,1,3,2,3,1,3,4,2,1,3,4,4,1,1,1,NA,NA,NA,NA,NA,NA,1,1,1,0
"427",6,6,3,4,5,6,3,5,5,5,2,3,5,6,4,5,5,6,3,4,NA,NA,NA,NA,NA,NA,NA,NA,NA,NA,NA,NA,NA,NA,NA,NA,NA,NA,NA,NA,NA,NA,NA,4,5,5,5,4,2,NA,NA,NA,1
"428",2,2,1,2,2,2,2,2,3,3,3,3,3,2,2,2,2,1,2,2,NA,NA,NA,NA,NA,NA,NA,NA,NA,NA,NA,NA,NA,NA,NA,NA,NA,NA,NA,NA,NA,NA,NA,1,3,3,3,5,2,NA,NA,NA,1
"429",7,7,4,7,6,6,4,7,7,7,4,7,7,7,4,7,7,7,4,7,NA,NA,NA,NA,NA,NA,NA,NA,NA,NA,NA,NA,NA,NA,NA,NA,NA,NA,NA,NA,NA,NA,NA,2,2,3,2,2,2,NA,NA,NA,1
"430",NA,NA,NA,NA,NA,NA,NA,NA,NA,NA,NA,NA,NA,NA,NA,NA,NA,NA,NA,NA,6,4,5,5,4,2,2,3,4,3,3,4,4,3,2,3,3,2,2,3,2,4,3,NA,NA,NA,NA,NA,NA,2,2,2,0
"431",NA,NA,NA,NA,NA,NA,NA,NA,NA,NA,NA,NA,NA,NA,NA,NA,NA,NA,NA,NA,7,3,4,7,7,3,4,7,7,3,4,7,7,3,4,7,7,3,4,7,5,2,7,NA,NA,NA,NA,NA,NA,1,3,4,0
"432",NA,NA,NA,NA,NA,NA,NA,NA,NA,NA,NA,NA,NA,NA,NA,NA,NA,NA,NA,NA,2,1,2,3,2,1,2,3,2,1,3,3,2,1,2,3,4,1,4,4,2,3,2,NA,NA,NA,NA,NA,NA,2,3,2,0
"433",6,2,5,4,5,4,5,6,5,3,6,4,5,3,6,5,5,2,6,3,NA,NA,NA,NA,NA,NA,NA,NA,NA,NA,NA,NA,NA,NA,NA,NA,NA,NA,NA,NA,NA,NA,NA,6,5,5,6,2,6,NA,NA,NA,1
"434",NA,NA,NA,NA,NA,NA,NA,NA,NA,NA,NA,NA,NA,NA,NA,NA,NA,NA,NA,NA,5,3,4,3,5,2,7,2,5,3,6,3,5,2,5,5,3,5,4,5,7,6,7,NA,NA,NA,NA,NA,NA,6,1,6,0
"435",NA,NA,NA,NA,NA,NA,NA,NA,NA,NA,NA,NA,NA,NA,NA,NA,NA,NA,NA,NA,2,2,2,6,1,2,2,4,1,2,4,5,1,2,2,4,1,2,2,6,2,2,2,NA,NA,NA,NA,NA,NA,2,2,2,0
"436",6,2,6,6,6,2,4,6,6,2,4,6,6,2,4,6,6,2,4,6,NA,NA,NA,NA,NA,NA,NA,NA,NA,NA,NA,NA,NA,NA,NA,NA,NA,NA,NA,NA,NA,NA,NA,3,5,3,3,2,2,NA,NA,NA,1
"437",NA,NA,NA,NA,NA,NA,NA,NA,NA,NA,NA,NA,NA,NA,NA,NA,NA,NA,NA,NA,7,2,7,7,1,1,1,1,1,1,1,1,7,2,7,7,1,1,1,1,1,1,1,NA,NA,NA,NA,NA,NA,2,2,1,0
"438",NA,NA,NA,NA,NA,NA,NA,NA,NA,NA,NA,NA,NA,NA,NA,NA,NA,NA,NA,NA,1,1,3,4,2,1,1,4,2,1,2,4,1,1,2,4,2,1,2,4,3,4,3,NA,NA,NA,NA,NA,NA,2,2,2,0
"439",NA,NA,NA,NA,NA,NA,NA,NA,NA,NA,NA,NA,NA,NA,NA,NA,NA,NA,NA,NA,3,3,2,2,1,1,1,1,1,1,1,1,1,1,1,1,3,3,2,2,1,2,1,NA,NA,NA,NA,NA,NA,1,2,1,0
"440",2,2,2,2,2,3,2,2,1,2,2,1,2,3,2,2,3,3,2,2,NA,NA,NA,NA,NA,NA,NA,NA,NA,NA,NA,NA,NA,NA,NA,NA,NA,NA,NA,NA,NA,NA,NA,2,2,3,5,4,1,NA,NA,NA,1
"441",4,4,4,4,1,4,1,3,1,4,1,3,1,4,1,2,4,4,4,4,NA,NA,NA,NA,NA,NA,NA,NA,NA,NA,NA,NA,NA,NA,NA,NA,NA,NA,NA,NA,NA,NA,NA,2,4,2,3,3,3,NA,NA,NA,1
"442",5,3,3,2,2,4,3,5,3,3,3,6,2,5,4,5,3,3,2,5,NA,NA,NA,NA,NA,NA,NA,NA,NA,NA,NA,NA,NA,NA,NA,NA,NA,NA,NA,NA,NA,NA,NA,4,3,3,2,5,2,NA,NA,NA,1
"443",NA,NA,NA,NA,NA,NA,NA,NA,NA,NA,NA,NA,NA,NA,NA,NA,NA,NA,NA,NA,1,1,1,1,1,1,1,1,1,1,1,1,1,1,1,1,1,1,1,1,1,1,1,NA,NA,NA,NA,NA,NA,1,2,1,0
"444",NA,NA,NA,NA,NA,NA,NA,NA,NA,NA,NA,NA,NA,NA,NA,NA,NA,NA,NA,NA,4,4,3,4,4,5,3,3,3,3,4,5,4,5,3,3,4,5,2,4,4,3,5,NA,NA,NA,NA,NA,NA,4,4,3,0
"445",NA,NA,NA,NA,NA,NA,NA,NA,NA,NA,NA,NA,NA,NA,NA,NA,NA,NA,NA,NA,4,4,4,4,4,4,4,4,4,4,4,4,4,4,4,4,4,4,4,4,3,6,6,NA,NA,NA,NA,NA,NA,1,2,1,0
"446",5,6,2,5,7,7,7,7,5,7,2,4,6,6,2,4,5,4,1,5,NA,NA,NA,NA,NA,NA,NA,NA,NA,NA,NA,NA,NA,NA,NA,NA,NA,NA,NA,NA,NA,NA,NA,1,1,1,1,5,1,NA,NA,NA,1
"447",6,2,3,5,6,3,4,5,6,2,4,5,5,2,4,5,5,2,4,5,NA,NA,NA,NA,NA,NA,NA,NA,NA,NA,NA,NA,NA,NA,NA,NA,NA,NA,NA,NA,NA,NA,NA,4,4,5,6,4,2,NA,NA,NA,1
"448",NA,NA,NA,NA,NA,NA,NA,NA,NA,NA,NA,NA,NA,NA,NA,NA,NA,NA,NA,NA,4,3,4,5,4,3,4,6,4,5,4,6,4,3,4,5,4,3,4,6,5,6,5,NA,NA,NA,NA,NA,NA,3,3,3,0
"449",2,2,2,2,2,2,2,2,1,1,1,1,2,2,2,2,1,1,2,2,NA,NA,NA,NA,NA,NA,NA,NA,NA,NA,NA,NA,NA,NA,NA,NA,NA,NA,NA,NA,NA,NA,NA,4,2,5,4,3,3,NA,NA,NA,1
"450",NA,NA,NA,NA,NA,NA,NA,NA,NA,NA,NA,NA,NA,NA,NA,NA,NA,NA,NA,NA,6,6,5,6,4,5,4,5,5,5,4,5,6,6,5,6,6,7,6,7,1,2,1,NA,NA,NA,NA,NA,NA,1,1,1,0
"451",2,2,2,3,3,3,2,3,2,2,2,3,2,2,2,3,2,3,2,2,NA,NA,NA,NA,NA,NA,NA,NA,NA,NA,NA,NA,NA,NA,NA,NA,NA,NA,NA,NA,NA,NA,NA,1,2,2,2,2,2,NA,NA,NA,1
"452",NA,NA,NA,NA,NA,NA,NA,NA,NA,NA,NA,NA,NA,NA,NA,NA,NA,NA,NA,NA,5,3,2,3,6,3,3,3,2,2,2,2,5,2,3,2,4,2,2,2,2,3,3,NA,NA,NA,NA,NA,NA,2,2,2,0
"453",6,5,2,7,7,5,4,7,7,5,6,7,7,6,5,7,7,6,5,7,NA,NA,NA,NA,NA,NA,NA,NA,NA,NA,NA,NA,NA,NA,NA,NA,NA,NA,NA,NA,NA,NA,NA,7,6,7,2,1,2,NA,NA,NA,1
"454",4,3,3,3,4,3,2,3,4,6,4,4,4,3,3,3,3,3,2,3,NA,NA,NA,NA,NA,NA,NA,NA,NA,NA,NA,NA,NA,NA,NA,NA,NA,NA,NA,NA,NA,NA,NA,4,5,4,3,3,3,NA,NA,NA,1
"455",NA,NA,NA,NA,NA,NA,NA,NA,NA,NA,NA,NA,NA,NA,NA,NA,NA,NA,NA,NA,1,1,1,1,1,1,1,1,1,1,1,1,1,1,1,1,1,1,1,1,1,1,5,NA,NA,NA,NA,NA,NA,1,1,2,0
"456",NA,NA,NA,NA,NA,NA,NA,NA,NA,NA,NA,NA,NA,NA,NA,NA,NA,NA,NA,NA,1,1,1,3,1,1,1,1,1,1,4,4,1,1,1,2,1,1,4,4,1,1,2,NA,NA,NA,NA,NA,NA,1,1,1,0
"457",NA,NA,NA,NA,NA,NA,NA,NA,NA,NA,NA,NA,NA,NA,NA,NA,NA,NA,NA,NA,5,4,3,5,5,4,5,5,3,3,3,4,5,5,6,5,5,5,5,5,3,2,3,NA,NA,NA,NA,NA,NA,2,4,2,0
"458",7,6,2,6,2,1,2,1,7,6,6,2,7,6,3,4,7,6,2,6,NA,NA,NA,NA,NA,NA,NA,NA,NA,NA,NA,NA,NA,NA,NA,NA,NA,NA,NA,NA,NA,NA,NA,3,2,2,3,2,5,NA,NA,NA,1
"459",1,1,1,1,4,3,2,3,2,2,2,3,1,1,1,1,1,1,1,1,NA,NA,NA,NA,NA,NA,NA,NA,NA,NA,NA,NA,NA,NA,NA,NA,NA,NA,NA,NA,NA,NA,NA,2,2,2,3,4,2,NA,NA,NA,1
"460",NA,NA,NA,NA,NA,NA,NA,NA,NA,NA,NA,NA,NA,NA,NA,NA,NA,NA,NA,NA,1,1,1,3,1,1,1,3,1,1,1,3,1,1,1,3,1,1,1,3,1,1,1,NA,NA,NA,NA,NA,NA,1,3,1,0
"461",NA,NA,NA,NA,NA,NA,NA,NA,NA,NA,NA,NA,NA,NA,NA,NA,NA,NA,NA,NA,2,2,2,2,2,2,2,2,2,2,2,2,2,2,2,2,2,2,2,2,2,3,3,NA,NA,NA,NA,NA,NA,2,6,2,0
"462",NA,NA,NA,NA,NA,NA,NA,NA,NA,NA,NA,NA,NA,NA,NA,NA,NA,NA,NA,NA,4,4,4,4,5,4,3,3,3,3,3,3,5,4,4,4,5,4,4,4,1,5,3,NA,NA,NA,NA,NA,NA,2,2,2,0
"463",NA,NA,NA,NA,NA,NA,NA,NA,NA,NA,NA,NA,NA,NA,NA,NA,NA,NA,NA,NA,1,1,4,3,3,1,3,4,1,1,2,4,1,1,2,3,1,1,3,3,3,1,3,NA,NA,NA,NA,NA,NA,1,1,1,0
"464",NA,NA,NA,NA,NA,NA,NA,NA,NA,NA,NA,NA,NA,NA,NA,NA,NA,NA,NA,NA,3,3,3,3,3,2,3,4,3,3,3,3,2,2,2,2,2,2,2,2,2,2,2,NA,NA,NA,NA,NA,NA,1,1,1,0
"465",4,2,3,5,4,2,1,5,4,2,1,5,4,2,1,5,4,2,1,5,NA,NA,NA,NA,NA,NA,NA,NA,NA,NA,NA,NA,NA,NA,NA,NA,NA,NA,NA,NA,NA,NA,NA,3,2,3,2,3,2,NA,NA,NA,1
"466",7,4,4,4,7,5,4,4,7,4,4,4,7,4,4,4,7,4,4,4,NA,NA,NA,NA,NA,NA,NA,NA,NA,NA,NA,NA,NA,NA,NA,NA,NA,NA,NA,NA,NA,NA,NA,2,1,3,5,4,2,NA,NA,NA,1
"467",4,3,3,5,4,3,3,5,4,3,3,5,4,5,3,5,5,3,2,4,NA,NA,NA,NA,NA,NA,NA,NA,NA,NA,NA,NA,NA,NA,NA,NA,NA,NA,NA,NA,NA,NA,NA,1,1,1,2,3,2,NA,NA,NA,1
"468",6,4,1,7,6,4,1,7,4,4,2,7,7,4,4,7,6,4,1,7,NA,NA,NA,NA,NA,NA,NA,NA,NA,NA,NA,NA,NA,NA,NA,NA,NA,NA,NA,NA,NA,NA,NA,1,3,1,3,3,1,NA,NA,NA,1
"469",NA,NA,NA,NA,NA,NA,NA,NA,NA,NA,NA,NA,NA,NA,NA,NA,NA,NA,NA,NA,4,3,3,3,3,2,2,2,3,3,3,3,5,2,2,3,3,2,2,3,2,3,3,NA,NA,NA,NA,NA,NA,2,2,2,0
"470",NA,NA,NA,NA,NA,NA,NA,NA,NA,NA,NA,NA,NA,NA,NA,NA,NA,NA,NA,NA,1,1,1,3,6,4,2,2,6,5,1,6,6,3,2,3,1,1,1,3,5,5,6,NA,NA,NA,NA,NA,NA,2,1,4,0
"471",NA,NA,NA,NA,NA,NA,NA,NA,NA,NA,NA,NA,NA,NA,NA,NA,NA,NA,NA,NA,6,4,4,3,1,2,3,3,1,2,2,6,1,6,3,5,1,2,4,5,1,2,3,NA,NA,NA,NA,NA,NA,2,2,1,0
"472",6,3,5,2,6,3,6,1,7,3,2,5,5,3,4,5,6,1,6,3,NA,NA,NA,NA,NA,NA,NA,NA,NA,NA,NA,NA,NA,NA,NA,NA,NA,NA,NA,NA,NA,NA,NA,3,3,5,5,1,2,NA,NA,NA,1
"473",3,3,2,3,5,4,3,4,2,2,2,2,5,3,4,4,1,2,1,2,NA,NA,NA,NA,NA,NA,NA,NA,NA,NA,NA,NA,NA,NA,NA,NA,NA,NA,NA,NA,NA,NA,NA,3,4,2,3,3,1,NA,NA,NA,1
"474",NA,NA,NA,NA,NA,NA,NA,NA,NA,NA,NA,NA,NA,NA,NA,NA,NA,NA,NA,NA,1,1,3,3,1,1,1,1,1,2,4,3,1,1,2,3,1,1,1,2,1,1,1,NA,NA,NA,NA,NA,NA,1,1,1,0
"475",6,2,4,6,6,2,4,6,6,2,4,6,6,2,4,6,6,2,4,6,NA,NA,NA,NA,NA,NA,NA,NA,NA,NA,NA,NA,NA,NA,NA,NA,NA,NA,NA,NA,NA,NA,NA,6,4,6,4,2,4,NA,NA,NA,1
"476",NA,NA,NA,NA,NA,NA,NA,NA,NA,NA,NA,NA,NA,NA,NA,NA,NA,NA,NA,NA,2,1,2,4,2,1,3,4,2,1,2,4,2,1,1,4,2,1,2,4,3,6,2,NA,NA,NA,NA,NA,NA,1,2,1,0
"477",NA,NA,NA,NA,NA,NA,NA,NA,NA,NA,NA,NA,NA,NA,NA,NA,NA,NA,NA,NA,2,2,2,2,2,2,2,2,2,2,2,2,2,2,2,2,2,2,2,2,6,2,6,NA,NA,NA,NA,NA,NA,2,2,2,0
"478",NA,NA,NA,NA,NA,NA,NA,NA,NA,NA,NA,NA,NA,NA,NA,NA,NA,NA,NA,NA,1,1,1,1,1,1,1,1,1,1,2,1,1,2,2,2,1,1,2,1,1,1,1,NA,NA,NA,NA,NA,NA,2,1,2,0
"479",NA,NA,NA,NA,NA,NA,NA,NA,NA,NA,NA,NA,NA,NA,NA,NA,NA,NA,NA,NA,1,1,1,1,1,1,1,1,1,1,1,1,1,1,1,1,1,1,1,1,1,1,1,NA,NA,NA,NA,NA,NA,3,3,4,0
"480",NA,NA,NA,NA,NA,NA,NA,NA,NA,NA,NA,NA,NA,NA,NA,NA,NA,NA,NA,NA,1,1,1,1,1,1,1,1,1,1,1,1,1,1,1,1,1,1,1,1,1,1,1,NA,NA,NA,NA,NA,NA,1,2,1,0
"481",NA,NA,NA,NA,NA,NA,NA,NA,NA,NA,NA,NA,NA,NA,NA,NA,NA,NA,NA,NA,6,3,4,4,6,3,3,3,4,3,4,3,6,4,4,4,6,6,3,5,2,5,1,NA,NA,NA,NA,NA,NA,4,2,4,0
"482",4,3,3,5,4,3,1,5,4,3,2,6,5,3,2,6,5,3,2,5,NA,NA,NA,NA,NA,NA,NA,NA,NA,NA,NA,NA,NA,NA,NA,NA,NA,NA,NA,NA,NA,NA,NA,2,5,2,2,2,3,NA,NA,NA,1
"483",6,6,2,6,3,2,2,3,4,5,2,6,5,6,2,5,6,6,3,5,NA,NA,NA,NA,NA,NA,NA,NA,NA,NA,NA,NA,NA,NA,NA,NA,NA,NA,NA,NA,NA,NA,NA,3,6,4,2,3,3,NA,NA,NA,1
"484",NA,NA,NA,NA,NA,NA,NA,NA,NA,NA,NA,NA,NA,NA,NA,NA,NA,NA,NA,NA,3,3,2,3,2,3,2,3,3,3,2,2,2,2,3,3,2,3,2,3,5,3,4,NA,NA,NA,NA,NA,NA,3,3,3,0
"485",6,4,6,3,7,3,4,2,7,2,5,1,7,2,5,2,6,3,7,2,NA,NA,NA,NA,NA,NA,NA,NA,NA,NA,NA,NA,NA,NA,NA,NA,NA,NA,NA,NA,NA,NA,NA,6,7,6,5,2,6,NA,NA,NA,1
"486",2,2,2,2,6,6,4,6,5,5,4,5,6,6,4,6,2,2,2,2,NA,NA,NA,NA,NA,NA,NA,NA,NA,NA,NA,NA,NA,NA,NA,NA,NA,NA,NA,NA,NA,NA,NA,5,5,5,1,2,1,NA,NA,NA,1
"487",NA,NA,NA,NA,NA,NA,NA,NA,NA,NA,NA,NA,NA,NA,NA,NA,NA,NA,NA,NA,4,2,3,5,5,3,3,4,2,2,3,4,5,2,2,2,3,2,4,3,3,2,3,NA,NA,NA,NA,NA,NA,1,1,1,0
"488",7,3,1,7,7,4,4,4,7,4,4,4,7,4,4,4,7,4,4,4,NA,NA,NA,NA,NA,NA,NA,NA,NA,NA,NA,NA,NA,NA,NA,NA,NA,NA,NA,NA,NA,NA,NA,2,5,2,5,5,3,NA,NA,NA,1
"489",1,3,1,1,1,2,1,1,1,2,1,1,1,3,1,1,1,3,1,1,NA,NA,NA,NA,NA,NA,NA,NA,NA,NA,NA,NA,NA,NA,NA,NA,NA,NA,NA,NA,NA,NA,NA,1,1,1,2,2,1,NA,NA,NA,1
"490",NA,NA,NA,NA,NA,NA,NA,NA,NA,NA,NA,NA,NA,NA,NA,NA,NA,NA,NA,NA,4,1,6,6,4,1,5,7,1,1,1,7,1,1,5,5,1,1,1,7,4,7,4,NA,NA,NA,NA,NA,NA,1,1,1,0
"491",2,1,1,2,1,1,1,1,5,1,2,4,2,1,2,3,2,3,2,3,NA,NA,NA,NA,NA,NA,NA,NA,NA,NA,NA,NA,NA,NA,NA,NA,NA,NA,NA,NA,NA,NA,NA,6,2,3,5,5,4,NA,NA,NA,1
"492",NA,NA,NA,NA,NA,NA,NA,NA,NA,NA,NA,NA,NA,NA,NA,NA,NA,NA,NA,NA,1,1,2,3,4,5,4,5,2,6,3,1,2,7,2,6,5,4,5,3,5,4,3,NA,NA,NA,NA,NA,NA,3,6,4,0
"493",1,1,1,1,1,1,1,1,1,1,1,1,1,1,1,1,1,1,1,1,NA,NA,NA,NA,NA,NA,NA,NA,NA,NA,NA,NA,NA,NA,NA,NA,NA,NA,NA,NA,NA,NA,NA,1,1,1,5,5,1,NA,NA,NA,1
"494",6,2,1,2,7,1,1,2,5,2,6,2,1,2,1,2,7,3,1,3,NA,NA,NA,NA,NA,NA,NA,NA,NA,NA,NA,NA,NA,NA,NA,NA,NA,NA,NA,NA,NA,NA,NA,1,5,1,1,1,1,NA,NA,NA,1
"495",5,2,3,2,3,1,2,1,5,2,3,2,6,2,6,2,3,2,2,1,NA,NA,NA,NA,NA,NA,NA,NA,NA,NA,NA,NA,NA,NA,NA,NA,NA,NA,NA,NA,NA,NA,NA,3,4,3,5,4,2,NA,NA,NA,1
"496",3,3,2,3,3,3,2,4,3,3,2,4,5,3,5,6,3,3,3,3,NA,NA,NA,NA,NA,NA,NA,NA,NA,NA,NA,NA,NA,NA,NA,NA,NA,NA,NA,NA,NA,NA,NA,1,3,2,2,2,1,NA,NA,NA,1
"497",NA,NA,NA,NA,NA,NA,NA,NA,NA,NA,NA,NA,NA,NA,NA,NA,NA,NA,NA,NA,1,2,2,2,1,1,1,2,1,1,1,1,1,3,1,2,1,1,1,5,5,6,5,NA,NA,NA,NA,NA,NA,7,5,5,0
"498",5,2,7,2,3,4,5,4,7,2,7,2,6,1,6,1,5,2,7,3,NA,NA,NA,NA,NA,NA,NA,NA,NA,NA,NA,NA,NA,NA,NA,NA,NA,NA,NA,NA,NA,NA,NA,7,7,6,6,1,7,NA,NA,NA,1
"499",5,6,4,4,5,5,4,5,5,2,4,3,4,2,3,2,4,5,4,6,NA,NA,NA,NA,NA,NA,NA,NA,NA,NA,NA,NA,NA,NA,NA,NA,NA,NA,NA,NA,NA,NA,NA,1,2,3,5,6,2,NA,NA,NA,1
"500",5,5,3,6,6,5,3,5,6,6,3,5,5,5,3,5,6,5,3,6,NA,NA,NA,NA,NA,NA,NA,NA,NA,NA,NA,NA,NA,NA,NA,NA,NA,NA,NA,NA,NA,NA,NA,5,5,5,1,2,2,NA,NA,NA,1
"501",NA,NA,NA,NA,NA,NA,NA,NA,NA,NA,NA,NA,NA,NA,NA,NA,NA,NA,NA,NA,6,3,3,6,6,5,3,6,6,2,4,6,6,2,2,6,6,1,4,6,6,6,6,NA,NA,NA,NA,NA,NA,2,2,2,0
"502",1,1,1,1,7,7,4,7,2,2,2,2,3,2,2,2,1,1,1,1,NA,NA,NA,NA,NA,NA,NA,NA,NA,NA,NA,NA,NA,NA,NA,NA,NA,NA,NA,NA,NA,NA,NA,3,4,2,1,1,1,NA,NA,NA,1
"503",NA,NA,NA,NA,NA,NA,NA,NA,NA,NA,NA,NA,NA,NA,NA,NA,NA,NA,NA,NA,3,3,2,4,1,1,1,1,1,1,1,1,1,1,1,1,1,1,1,1,1,3,1,NA,NA,NA,NA,NA,NA,2,3,3,0
"504",5,5,4,6,3,2,1,3,6,5,4,7,5,5,4,7,5,5,3,7,NA,NA,NA,NA,NA,NA,NA,NA,NA,NA,NA,NA,NA,NA,NA,NA,NA,NA,NA,NA,NA,NA,NA,3,3,5,5,5,1,NA,NA,NA,1
"505",NA,NA,NA,NA,NA,NA,NA,NA,NA,NA,NA,NA,NA,NA,NA,NA,NA,NA,NA,NA,1,2,1,2,1,3,1,1,1,2,1,2,1,2,1,2,1,2,1,2,2,2,2,NA,NA,NA,NA,NA,NA,4,4,3,0
"506",NA,NA,NA,NA,NA,NA,NA,NA,NA,NA,NA,NA,NA,NA,NA,NA,NA,NA,NA,NA,4,2,1,4,5,2,2,2,3,2,1,3,5,2,6,2,5,2,2,2,2,2,2,NA,NA,NA,NA,NA,NA,1,2,1,0
"507",5,2,1,6,5,6,1,6,5,3,2,6,5,2,1,6,5,4,1,6,NA,NA,NA,NA,NA,NA,NA,NA,NA,NA,NA,NA,NA,NA,NA,NA,NA,NA,NA,NA,NA,NA,NA,2,1,4,5,5,1,NA,NA,NA,1
"508",1,3,2,3,1,2,1,2,1,4,1,3,1,4,2,3,2,2,1,2,NA,NA,NA,NA,NA,NA,NA,NA,NA,NA,NA,NA,NA,NA,NA,NA,NA,NA,NA,NA,NA,NA,NA,1,1,3,6,5,4,NA,NA,NA,1
"509",NA,NA,NA,NA,NA,NA,NA,NA,NA,NA,NA,NA,NA,NA,NA,NA,NA,NA,NA,NA,2,3,3,3,1,2,2,2,1,3,1,3,2,2,2,3,2,2,2,2,1,3,2,NA,NA,NA,NA,NA,NA,2,2,2,0
"510",NA,NA,NA,NA,NA,NA,NA,NA,NA,NA,NA,NA,NA,NA,NA,NA,NA,NA,NA,NA,7,5,2,3,6,6,2,2,2,2,2,1,7,1,2,2,7,2,2,4,4,2,2,NA,NA,NA,NA,NA,NA,5,2,6,0
"511",5,2,3,4,5,2,1,3,5,5,5,4,5,5,3,3,5,3,2,3,NA,NA,NA,NA,NA,NA,NA,NA,NA,NA,NA,NA,NA,NA,NA,NA,NA,NA,NA,NA,NA,NA,NA,3,5,5,1,3,1,NA,NA,NA,1
"512",1,4,1,1,1,4,1,1,1,4,1,1,1,4,1,1,1,4,1,1,NA,NA,NA,NA,NA,NA,NA,NA,NA,NA,NA,NA,NA,NA,NA,NA,NA,NA,NA,NA,NA,NA,NA,1,2,1,1,2,1,NA,NA,NA,1
"513",1,4,1,2,1,5,1,2,1,5,1,1,1,6,1,2,1,5,1,1,NA,NA,NA,NA,NA,NA,NA,NA,NA,NA,NA,NA,NA,NA,NA,NA,NA,NA,NA,NA,NA,NA,NA,1,1,1,6,4,2,NA,NA,NA,1
"514",NA,NA,NA,NA,NA,NA,NA,NA,NA,NA,NA,NA,NA,NA,NA,NA,NA,NA,NA,NA,2,1,7,3,1,1,5,1,4,4,4,4,1,1,7,1,7,1,5,1,1,2,1,NA,NA,NA,NA,NA,NA,1,1,2,0
"515",NA,NA,NA,NA,NA,NA,NA,NA,NA,NA,NA,NA,NA,NA,NA,NA,NA,NA,NA,NA,1,1,1,1,1,1,1,1,1,1,1,1,1,1,1,1,1,1,1,1,1,1,1,NA,NA,NA,NA,NA,NA,1,1,1,0
"516",NA,NA,NA,NA,NA,NA,NA,NA,NA,NA,NA,NA,NA,NA,NA,NA,NA,NA,NA,NA,6,6,4,6,6,3,2,6,6,6,4,6,6,5,4,6,4,1,1,3,3,5,2,NA,NA,NA,NA,NA,NA,1,1,1,0
"517",6,3,5,6,3,4,2,3,3,3,3,3,3,5,1,3,1,3,1,1,NA,NA,NA,NA,NA,NA,NA,NA,NA,NA,NA,NA,NA,NA,NA,NA,NA,NA,NA,NA,NA,NA,NA,1,2,1,5,5,4,NA,NA,NA,1
"518",NA,NA,NA,NA,NA,NA,NA,NA,NA,NA,NA,NA,NA,NA,NA,NA,NA,NA,NA,NA,6,6,5,7,2,3,2,3,2,3,2,2,2,2,2,2,2,3,2,2,1,3,3,NA,NA,NA,NA,NA,NA,4,2,1,0
"519",NA,NA,NA,NA,NA,NA,NA,NA,NA,NA,NA,NA,NA,NA,NA,NA,NA,NA,NA,NA,5,3,5,3,1,1,1,1,7,3,7,7,1,3,2,2,1,3,1,3,1,3,2,NA,NA,NA,NA,NA,NA,2,3,1,0
"520",NA,NA,NA,NA,NA,NA,NA,NA,NA,NA,NA,NA,NA,NA,NA,NA,NA,NA,NA,NA,6,1,1,7,6,1,1,7,5,1,1,7,1,1,1,1,6,1,1,7,5,6,6,NA,NA,NA,NA,NA,NA,2,2,2,0
"521",5,3,3,5,6,4,4,6,5,3,3,4,5,4,4,5,5,4,3,4,NA,NA,NA,NA,NA,NA,NA,NA,NA,NA,NA,NA,NA,NA,NA,NA,NA,NA,NA,NA,NA,NA,NA,4,5,5,1,2,3,NA,NA,NA,1
"522",1,1,1,1,1,1,1,1,1,1,1,1,1,1,1,1,1,2,1,1,NA,NA,NA,NA,NA,NA,NA,NA,NA,NA,NA,NA,NA,NA,NA,NA,NA,NA,NA,NA,NA,NA,NA,2,3,3,2,2,2,NA,NA,NA,1
"523",5,2,2,6,5,3,2,6,5,2,2,6,5,2,2,6,5,3,2,6,NA,NA,NA,NA,NA,NA,NA,NA,NA,NA,NA,NA,NA,NA,NA,NA,NA,NA,NA,NA,NA,NA,NA,3,4,5,4,4,2,NA,NA,NA,1
"524",NA,NA,NA,NA,NA,NA,NA,NA,NA,NA,NA,NA,NA,NA,NA,NA,NA,NA,NA,NA,6,3,3,3,6,2,3,3,6,3,3,3,3,2,2,5,2,2,2,3,2,2,2,NA,NA,NA,NA,NA,NA,1,1,1,0
"525",NA,NA,NA,NA,NA,NA,NA,NA,NA,NA,NA,NA,NA,NA,NA,NA,NA,NA,NA,NA,6,5,4,5,5,3,2,2,5,5,4,6,1,1,1,2,6,6,6,7,7,7,7,NA,NA,NA,NA,NA,NA,5,2,6,0
"526",2,2,2,4,2,2,2,4,2,6,2,4,6,6,2,4,2,2,2,4,NA,NA,NA,NA,NA,NA,NA,NA,NA,NA,NA,NA,NA,NA,NA,NA,NA,NA,NA,NA,NA,NA,NA,2,2,2,3,6,2,NA,NA,NA,1
"527",NA,NA,NA,NA,NA,NA,NA,NA,NA,NA,NA,NA,NA,NA,NA,NA,NA,NA,NA,NA,5,3,5,5,2,4,3,5,4,4,3,6,4,4,4,4,7,7,7,7,7,6,7,NA,NA,NA,NA,NA,NA,2,3,1,0
"528",NA,NA,NA,NA,NA,NA,NA,NA,NA,NA,NA,NA,NA,NA,NA,NA,NA,NA,NA,NA,1,1,1,1,1,1,1,1,1,1,1,1,1,1,1,2,1,1,1,1,2,2,2,NA,NA,NA,NA,NA,NA,2,2,2,0
"529",2,2,1,3,4,4,4,4,2,3,2,3,2,2,2,3,2,4,2,3,NA,NA,NA,NA,NA,NA,NA,NA,NA,NA,NA,NA,NA,NA,NA,NA,NA,NA,NA,NA,NA,NA,NA,1,1,3,4,3,4,NA,NA,NA,1
"530",2,4,1,3,3,3,3,3,1,3,1,3,1,4,1,3,3,4,1,3,NA,NA,NA,NA,NA,NA,NA,NA,NA,NA,NA,NA,NA,NA,NA,NA,NA,NA,NA,NA,NA,NA,NA,1,1,2,2,2,2,NA,NA,NA,1
"531",NA,NA,NA,NA,NA,NA,NA,NA,NA,NA,NA,NA,NA,NA,NA,NA,NA,NA,NA,NA,3,3,4,5,3,3,3,5,4,3,4,3,3,3,2,5,4,3,3,4,3,3,3,NA,NA,NA,NA,NA,NA,2,2,4,0
"532",NA,NA,NA,NA,NA,NA,NA,NA,NA,NA,NA,NA,NA,NA,NA,NA,NA,NA,NA,NA,1,1,1,2,1,1,1,2,1,1,2,3,1,1,1,2,1,1,1,3,3,5,2,NA,NA,NA,NA,NA,NA,2,2,2,0
"533",6,6,4,6,6,7,4,7,6,6,6,6,6,6,4,7,6,5,4,6,NA,NA,NA,NA,NA,NA,NA,NA,NA,NA,NA,NA,NA,NA,NA,NA,NA,NA,NA,NA,NA,NA,NA,4,5,5,2,2,2,NA,NA,NA,1
"534",6,5,3,4,6,5,3,4,6,6,5,5,6,6,3,5,6,6,4,5,NA,NA,NA,NA,NA,NA,NA,NA,NA,NA,NA,NA,NA,NA,NA,NA,NA,NA,NA,NA,NA,NA,NA,3,5,5,2,2,3,NA,NA,NA,1
"535",NA,NA,NA,NA,NA,NA,NA,NA,NA,NA,NA,NA,NA,NA,NA,NA,NA,NA,NA,NA,6,3,4,5,6,5,4,6,4,4,4,4,4,3,3,3,4,4,4,4,2,2,3,NA,NA,NA,NA,NA,NA,2,2,2,0
"536",NA,NA,NA,NA,NA,NA,NA,NA,NA,NA,NA,NA,NA,NA,NA,NA,NA,NA,NA,NA,5,1,1,7,4,4,4,4,2,1,1,1,4,4,4,4,6,7,4,4,7,7,1,NA,NA,NA,NA,NA,NA,1,1,1,0
"537",6,2,4,6,5,2,2,6,6,3,4,6,6,2,4,6,6,2,4,6,NA,NA,NA,NA,NA,NA,NA,NA,NA,NA,NA,NA,NA,NA,NA,NA,NA,NA,NA,NA,NA,NA,NA,2,5,3,5,5,1,NA,NA,NA,1
"538",3,4,2,5,3,3,2,3,5,6,3,6,5,6,3,6,3,5,1,4,NA,NA,NA,NA,NA,NA,NA,NA,NA,NA,NA,NA,NA,NA,NA,NA,NA,NA,NA,NA,NA,NA,NA,1,2,2,1,1,1,NA,NA,NA,1
"539",NA,NA,NA,NA,NA,NA,NA,NA,NA,NA,NA,NA,NA,NA,NA,NA,NA,NA,NA,NA,1,1,1,7,5,3,3,3,1,1,1,7,1,1,1,7,1,1,1,7,3,5,3,NA,NA,NA,NA,NA,NA,1,2,1,0
"540",NA,NA,NA,NA,NA,NA,NA,NA,NA,NA,NA,NA,NA,NA,NA,NA,NA,NA,NA,NA,3,2,2,3,3,2,2,3,5,5,4,5,1,1,1,1,3,3,3,3,2,2,2,NA,NA,NA,NA,NA,NA,1,2,1,0
"541",NA,NA,NA,NA,NA,NA,NA,NA,NA,NA,NA,NA,NA,NA,NA,NA,NA,NA,NA,NA,5,4,3,5,4,4,3,6,4,3,2,4,3,2,2,4,4,3,2,5,5,4,4,NA,NA,NA,NA,NA,NA,2,2,2,0
"542",1,2,1,1,1,2,1,1,1,1,1,1,1,1,1,1,1,2,1,2,NA,NA,NA,NA,NA,NA,NA,NA,NA,NA,NA,NA,NA,NA,NA,NA,NA,NA,NA,NA,NA,NA,NA,7,2,2,4,2,2,NA,NA,NA,1
"543",3,3,2,3,4,4,3,5,5,5,4,5,6,5,4,5,5,5,4,4,NA,NA,NA,NA,NA,NA,NA,NA,NA,NA,NA,NA,NA,NA,NA,NA,NA,NA,NA,NA,NA,NA,NA,6,6,6,4,5,2,NA,NA,NA,1
"544",2,2,2,2,6,6,4,6,5,4,5,5,5,4,5,5,2,3,3,3,NA,NA,NA,NA,NA,NA,NA,NA,NA,NA,NA,NA,NA,NA,NA,NA,NA,NA,NA,NA,NA,NA,NA,2,2,4,2,3,1,NA,NA,NA,1
"545",3,1,6,7,3,4,4,3,5,1,1,6,6,6,4,1,1,7,5,7,NA,NA,NA,NA,NA,NA,NA,NA,NA,NA,NA,NA,NA,NA,NA,NA,NA,NA,NA,NA,NA,NA,NA,7,7,3,4,5,6,NA,NA,NA,1
"546",5,2,5,6,3,2,6,3,6,6,6,6,5,3,6,6,6,6,7,7,NA,NA,NA,NA,NA,NA,NA,NA,NA,NA,NA,NA,NA,NA,NA,NA,NA,NA,NA,NA,NA,NA,NA,6,4,6,2,2,6,NA,NA,NA,1
"547",5,4,4,5,3,3,2,3,4,5,4,5,3,4,2,4,3,4,3,3,NA,NA,NA,NA,NA,NA,NA,NA,NA,NA,NA,NA,NA,NA,NA,NA,NA,NA,NA,NA,NA,NA,NA,2,3,3,3,3,1,NA,NA,NA,1
"548",NA,NA,NA,NA,NA,NA,NA,NA,NA,NA,NA,NA,NA,NA,NA,NA,NA,NA,NA,NA,2,2,2,2,2,2,2,2,2,2,2,2,2,2,2,1,7,3,5,3,7,7,4,NA,NA,NA,NA,NA,NA,1,1,1,0
"549",4,4,4,4,7,7,7,7,7,7,7,7,4,4,4,4,4,4,4,4,NA,NA,NA,NA,NA,NA,NA,NA,NA,NA,NA,NA,NA,NA,NA,NA,NA,NA,NA,NA,NA,NA,NA,4,3,5,1,2,1,NA,NA,NA,1
"550",NA,NA,NA,NA,NA,NA,NA,NA,NA,NA,NA,NA,NA,NA,NA,NA,NA,NA,NA,NA,1,1,1,1,1,1,1,1,1,1,1,1,1,1,3,1,1,1,1,1,1,1,1,NA,NA,NA,NA,NA,NA,2,1,2,0
"551",NA,NA,NA,NA,NA,NA,NA,NA,NA,NA,NA,NA,NA,NA,NA,NA,NA,NA,NA,NA,1,1,1,3,1,1,1,3,1,1,1,3,1,1,1,3,1,1,1,3,1,2,3,NA,NA,NA,NA,NA,NA,1,1,1,0
"552",NA,NA,NA,NA,NA,NA,NA,NA,NA,NA,NA,NA,NA,NA,NA,NA,NA,NA,NA,NA,1,1,1,3,1,1,1,4,1,1,1,3,1,1,1,3,1,1,1,3,5,6,5,NA,NA,NA,NA,NA,NA,2,2,2,0
"553",NA,NA,NA,NA,NA,NA,NA,NA,NA,NA,NA,NA,NA,NA,NA,NA,NA,NA,NA,NA,7,3,4,3,1,1,1,1,3,3,1,3,6,2,4,2,1,1,1,1,1,1,1,NA,NA,NA,NA,NA,NA,1,1,1,0
"554",1,1,1,1,2,2,2,2,1,2,1,1,2,2,3,2,1,2,1,2,NA,NA,NA,NA,NA,NA,NA,NA,NA,NA,NA,NA,NA,NA,NA,NA,NA,NA,NA,NA,NA,NA,NA,3,3,3,3,3,1,NA,NA,NA,1
"555",6,6,2,6,6,5,2,6,6,6,2,6,6,6,3,6,6,6,2,6,NA,NA,NA,NA,NA,NA,NA,NA,NA,NA,NA,NA,NA,NA,NA,NA,NA,NA,NA,NA,NA,NA,NA,5,6,6,6,6,6,NA,NA,NA,1
"556",NA,NA,NA,NA,NA,NA,NA,NA,NA,NA,NA,NA,NA,NA,NA,NA,NA,NA,NA,NA,2,1,1,4,2,1,1,3,2,1,1,3,2,1,2,3,2,1,1,4,1,1,1,NA,NA,NA,NA,NA,NA,2,2,2,0
"557",NA,NA,NA,NA,NA,NA,NA,NA,NA,NA,NA,NA,NA,NA,NA,NA,NA,NA,NA,NA,6,3,4,5,2,2,2,2,4,2,2,4,3,2,1,3,2,2,2,3,1,2,2,NA,NA,NA,NA,NA,NA,1,1,1,0
"558",6,5,6,4,5,4,6,1,5,3,3,3,2,5,6,5,3,2,6,3,NA,NA,NA,NA,NA,NA,NA,NA,NA,NA,NA,NA,NA,NA,NA,NA,NA,NA,NA,NA,NA,NA,NA,4,7,5,3,4,4,NA,NA,NA,1
"559",6,6,2,5,6,6,2,6,6,6,2,6,6,5,2,6,6,5,2,6,NA,NA,NA,NA,NA,NA,NA,NA,NA,NA,NA,NA,NA,NA,NA,NA,NA,NA,NA,NA,NA,NA,NA,6,6,6,6,6,2,NA,NA,NA,1
"560",NA,NA,NA,NA,NA,NA,NA,NA,NA,NA,NA,NA,NA,NA,NA,NA,NA,NA,NA,NA,2,1,4,4,2,1,3,4,2,1,4,4,2,1,4,4,2,1,4,4,5,6,6,NA,NA,NA,NA,NA,NA,3,2,2,0
"561",NA,NA,NA,NA,NA,NA,NA,NA,NA,NA,NA,NA,NA,NA,NA,NA,NA,NA,NA,NA,1,1,2,4,1,1,1,2,1,1,2,4,1,1,1,4,1,1,1,4,3,3,3,NA,NA,NA,NA,NA,NA,1,1,1,0
"562",NA,NA,NA,NA,NA,NA,NA,NA,NA,NA,NA,NA,NA,NA,NA,NA,NA,NA,NA,NA,1,1,1,1,1,1,1,1,1,1,1,1,1,1,1,1,1,1,1,1,2,1,3,NA,NA,NA,NA,NA,NA,1,1,1,0
"563",NA,NA,NA,NA,NA,NA,NA,NA,NA,NA,NA,NA,NA,NA,NA,NA,NA,NA,NA,NA,4,4,4,4,4,4,4,4,4,4,4,4,4,4,4,4,4,4,4,4,4,3,4,NA,NA,NA,NA,NA,NA,3,4,4,0
"564",4,3,4,5,6,4,4,5,5,4,5,4,5,5,4,5,5,4,4,4,NA,NA,NA,NA,NA,NA,NA,NA,NA,NA,NA,NA,NA,NA,NA,NA,NA,NA,NA,NA,NA,NA,NA,4,3,4,5,4,3,NA,NA,NA,1
"565",2,2,2,2,3,3,2,3,5,4,2,3,4,3,3,2,2,2,2,2,NA,NA,NA,NA,NA,NA,NA,NA,NA,NA,NA,NA,NA,NA,NA,NA,NA,NA,NA,NA,NA,NA,NA,2,4,2,2,3,2,NA,NA,NA,1
"566",3,3,3,5,2,3,2,5,2,5,2,5,1,3,1,5,2,3,2,5,NA,NA,NA,NA,NA,NA,NA,NA,NA,NA,NA,NA,NA,NA,NA,NA,NA,NA,NA,NA,NA,NA,NA,2,1,2,5,6,3,NA,NA,NA,1
"567",7,1,4,4,7,2,7,4,6,1,5,4,6,1,4,5,7,4,1,3,NA,NA,NA,NA,NA,NA,NA,NA,NA,NA,NA,NA,NA,NA,NA,NA,NA,NA,NA,NA,NA,NA,NA,6,3,5,6,1,7,NA,NA,NA,1
"568",6,5,4,5,5,4,4,4,5,4,3,4,5,4,4,4,5,4,4,5,NA,NA,NA,NA,NA,NA,NA,NA,NA,NA,NA,NA,NA,NA,NA,NA,NA,NA,NA,NA,NA,NA,NA,5,5,5,3,4,3,NA,NA,NA,1
"569",3,3,2,6,7,7,4,7,3,5,2,6,5,5,4,6,5,5,4,6,NA,NA,NA,NA,NA,NA,NA,NA,NA,NA,NA,NA,NA,NA,NA,NA,NA,NA,NA,NA,NA,NA,NA,3,5,6,5,5,4,NA,NA,NA,1
"570",NA,NA,NA,NA,NA,NA,NA,NA,NA,NA,NA,NA,NA,NA,NA,NA,NA,NA,NA,NA,1,1,1,2,1,1,1,1,1,1,1,1,1,1,1,4,1,1,1,1,1,1,1,NA,NA,NA,NA,NA,NA,1,1,1,0
"571",2,2,2,3,2,2,2,2,2,3,2,3,3,3,3,3,2,2,2,3,NA,NA,NA,NA,NA,NA,NA,NA,NA,NA,NA,NA,NA,NA,NA,NA,NA,NA,NA,NA,NA,NA,NA,2,2,3,1,1,1,NA,NA,NA,1
"572",NA,NA,NA,NA,NA,NA,NA,NA,NA,NA,NA,NA,NA,NA,NA,NA,NA,NA,NA,NA,3,3,1,7,3,2,1,7,3,2,1,7,1,1,1,7,3,3,1,7,2,7,5,NA,NA,NA,NA,NA,NA,1,1,1,0
"573",1,1,1,4,3,3,4,4,1,1,1,4,5,3,4,4,1,1,1,4,NA,NA,NA,NA,NA,NA,NA,NA,NA,NA,NA,NA,NA,NA,NA,NA,NA,NA,NA,NA,NA,NA,NA,3,1,2,4,3,3,NA,NA,NA,1
"574",NA,NA,NA,NA,NA,NA,NA,NA,NA,NA,NA,NA,NA,NA,NA,NA,NA,NA,NA,NA,2,2,2,3,2,2,2,6,2,2,2,4,1,1,2,4,1,1,2,5,3,2,2,NA,NA,NA,NA,NA,NA,5,5,6,0
"575",5,5,3,6,5,5,4,5,6,5,4,6,5,4,4,5,6,6,4,6,NA,NA,NA,NA,NA,NA,NA,NA,NA,NA,NA,NA,NA,NA,NA,NA,NA,NA,NA,NA,NA,NA,NA,3,3,3,3,3,2,NA,NA,NA,1
"576",NA,NA,NA,NA,NA,NA,NA,NA,NA,NA,NA,NA,NA,NA,NA,NA,NA,NA,NA,NA,1,2,1,3,1,2,1,3,1,2,1,3,1,2,1,2,1,2,1,3,2,2,2,NA,NA,NA,NA,NA,NA,2,1,1,0
"577",3,4,2,4,6,4,3,4,3,4,3,4,6,4,4,5,4,5,2,3,NA,NA,NA,NA,NA,NA,NA,NA,NA,NA,NA,NA,NA,NA,NA,NA,NA,NA,NA,NA,NA,NA,NA,3,4,3,2,5,2,NA,NA,NA,1
"578",NA,NA,NA,NA,NA,NA,NA,NA,NA,NA,NA,NA,NA,NA,NA,NA,NA,NA,NA,NA,5,4,5,5,4,3,3,3,6,5,5,5,5,4,4,3,5,5,5,5,1,1,2,NA,NA,NA,NA,NA,NA,1,2,2,0
"579",5,5,3,3,5,5,4,5,5,4,3,3,5,5,3,3,5,5,3,3,NA,NA,NA,NA,NA,NA,NA,NA,NA,NA,NA,NA,NA,NA,NA,NA,NA,NA,NA,NA,NA,NA,NA,3,5,3,5,5,3,NA,NA,NA,1
"580",NA,NA,NA,NA,NA,NA,NA,NA,NA,NA,NA,NA,NA,NA,NA,NA,NA,NA,NA,NA,1,1,1,3,1,1,1,3,1,2,1,3,1,1,1,2,1,1,1,1,3,3,3,NA,NA,NA,NA,NA,NA,2,2,2,0
"581",1,1,1,1,1,1,1,1,1,2,1,1,1,1,1,1,1,3,1,1,NA,NA,NA,NA,NA,NA,NA,NA,NA,NA,NA,NA,NA,NA,NA,NA,NA,NA,NA,NA,NA,NA,NA,2,1,2,2,2,2,NA,NA,NA,1
"582",NA,NA,NA,NA,NA,NA,NA,NA,NA,NA,NA,NA,NA,NA,NA,NA,NA,NA,NA,NA,6,2,4,3,6,3,4,2,6,5,6,5,6,2,5,3,6,5,4,5,2,2,2,NA,NA,NA,NA,NA,NA,2,2,2,0
"583",1,6,1,1,1,6,1,1,1,6,1,1,1,6,1,1,1,6,1,1,NA,NA,NA,NA,NA,NA,NA,NA,NA,NA,NA,NA,NA,NA,NA,NA,NA,NA,NA,NA,NA,NA,NA,1,4,1,5,5,1,NA,NA,NA,1
"584",1,1,1,1,1,1,1,1,1,2,1,1,1,1,1,1,1,2,1,1,NA,NA,NA,NA,NA,NA,NA,NA,NA,NA,NA,NA,NA,NA,NA,NA,NA,NA,NA,NA,NA,NA,NA,2,6,2,6,5,5,NA,NA,NA,1
"585",NA,NA,NA,NA,NA,NA,NA,NA,NA,NA,NA,NA,NA,NA,NA,NA,NA,NA,NA,NA,1,1,1,1,1,1,1,1,1,1,1,1,1,1,1,1,1,1,4,1,3,3,3,NA,NA,NA,NA,NA,NA,1,2,1,0
"586",NA,NA,NA,NA,NA,NA,NA,NA,NA,NA,NA,NA,NA,NA,NA,NA,NA,NA,NA,NA,1,1,1,3,1,1,1,1,1,1,1,3,1,1,1,3,1,1,1,3,1,1,1,NA,NA,NA,NA,NA,NA,1,1,1,0
"587",1,5,1,2,1,5,1,2,1,5,1,2,1,5,2,2,1,5,2,2,NA,NA,NA,NA,NA,NA,NA,NA,NA,NA,NA,NA,NA,NA,NA,NA,NA,NA,NA,NA,NA,NA,NA,1,4,1,2,2,1,NA,NA,NA,1
"588",NA,NA,NA,NA,NA,NA,NA,NA,NA,NA,NA,NA,NA,NA,NA,NA,NA,NA,NA,NA,1,1,1,1,1,1,1,1,1,1,1,1,1,1,1,1,1,1,1,1,1,1,1,NA,NA,NA,NA,NA,NA,1,1,1,0
"589",NA,NA,NA,NA,NA,NA,NA,NA,NA,NA,NA,NA,NA,NA,NA,NA,NA,NA,NA,NA,4,1,4,6,4,1,4,6,4,1,4,6,4,1,4,6,4,1,4,6,5,6,5,NA,NA,NA,NA,NA,NA,4,4,4,0
"590",NA,NA,NA,NA,NA,NA,NA,NA,NA,NA,NA,NA,NA,NA,NA,NA,NA,NA,NA,NA,6,3,4,4,6,3,4,4,5,3,3,4,7,6,5,6,7,7,6,5,4,4,4,NA,NA,NA,NA,NA,NA,2,1,3,0
"591",NA,NA,NA,NA,NA,NA,NA,NA,NA,NA,NA,NA,NA,NA,NA,NA,NA,NA,NA,NA,1,1,1,1,1,1,1,1,1,1,1,1,1,1,1,1,1,1,1,1,1,1,1,NA,NA,NA,NA,NA,NA,1,1,1,0
"592",2,3,2,3,2,3,2,2,1,3,1,3,1,3,1,3,1,3,1,3,NA,NA,NA,NA,NA,NA,NA,NA,NA,NA,NA,NA,NA,NA,NA,NA,NA,NA,NA,NA,NA,NA,NA,2,4,5,2,3,2,NA,NA,NA,1
"593",NA,NA,NA,NA,NA,NA,NA,NA,NA,NA,NA,NA,NA,NA,NA,NA,NA,NA,NA,NA,1,2,1,2,1,1,1,1,1,1,1,2,1,2,1,1,1,2,1,2,1,2,2,NA,NA,NA,NA,NA,NA,2,2,2,0
"594",1,4,1,2,1,4,1,2,1,4,1,2,1,4,1,2,1,4,1,2,NA,NA,NA,NA,NA,NA,NA,NA,NA,NA,NA,NA,NA,NA,NA,NA,NA,NA,NA,NA,NA,NA,NA,1,1,1,2,2,1,NA,NA,NA,1
"595",NA,NA,NA,NA,NA,NA,NA,NA,NA,NA,NA,NA,NA,NA,NA,NA,NA,NA,NA,NA,2,2,2,4,2,2,2,2,2,2,2,4,2,2,2,2,2,2,2,2,3,2,3,NA,NA,NA,NA,NA,NA,2,2,2,0
"596",2,5,2,3,2,4,2,4,2,6,2,3,3,5,2,3,3,4,3,4,NA,NA,NA,NA,NA,NA,NA,NA,NA,NA,NA,NA,NA,NA,NA,NA,NA,NA,NA,NA,NA,NA,NA,2,2,3,2,3,2,NA,NA,NA,1
"597",NA,NA,NA,NA,NA,NA,NA,NA,NA,NA,NA,NA,NA,NA,NA,NA,NA,NA,NA,NA,5,4,4,4,1,2,2,7,1,2,1,7,1,1,1,3,1,1,1,6,5,1,2,NA,NA,NA,NA,NA,NA,1,4,4,0
"598",NA,NA,NA,NA,NA,NA,NA,NA,NA,NA,NA,NA,NA,NA,NA,NA,NA,NA,NA,NA,1,3,1,1,1,3,1,1,1,3,1,1,1,3,1,1,1,3,1,1,1,1,1,NA,NA,NA,NA,NA,NA,1,1,1,0
"599",7,7,7,7,7,7,7,7,7,7,7,7,5,4,3,4,7,7,7,7,NA,NA,NA,NA,NA,NA,NA,NA,NA,NA,NA,NA,NA,NA,NA,NA,NA,NA,NA,NA,NA,NA,NA,7,7,7,7,7,7,NA,NA,NA,1
"600",4,3,1,5,5,6,3,6,5,4,2,5,5,4,2,5,4,3,1,6,NA,NA,NA,NA,NA,NA,NA,NA,NA,NA,NA,NA,NA,NA,NA,NA,NA,NA,NA,NA,NA,NA,NA,3,4,4,4,3,5,NA,NA,NA,1
"601",NA,NA,NA,NA,NA,NA,NA,NA,NA,NA,NA,NA,NA,NA,NA,NA,NA,NA,NA,NA,1,1,1,2,1,1,1,1,1,3,3,3,1,1,1,2,1,1,2,2,2,2,2,NA,NA,NA,NA,NA,NA,1,2,1,0
"602",2,2,2,2,4,4,4,4,2,2,2,2,2,2,2,2,2,2,2,2,NA,NA,NA,NA,NA,NA,NA,NA,NA,NA,NA,NA,NA,NA,NA,NA,NA,NA,NA,NA,NA,NA,NA,1,7,1,6,5,6,NA,NA,NA,1
"603",NA,NA,NA,NA,NA,NA,NA,NA,NA,NA,NA,NA,NA,NA,NA,NA,NA,NA,NA,NA,1,2,1,4,1,1,1,4,1,1,1,4,1,2,1,4,1,1,1,1,1,2,2,NA,NA,NA,NA,NA,NA,1,3,2,0
"604",NA,NA,NA,NA,NA,NA,NA,NA,NA,NA,NA,NA,NA,NA,NA,NA,NA,NA,NA,NA,4,4,4,4,3,4,3,4,3,5,3,5,2,3,2,5,3,4,3,3,1,1,1,NA,NA,NA,NA,NA,NA,1,2,4,0
"605",1,2,2,4,2,3,3,4,2,3,2,4,2,3,3,4,2,3,2,4,NA,NA,NA,NA,NA,NA,NA,NA,NA,NA,NA,NA,NA,NA,NA,NA,NA,NA,NA,NA,NA,NA,NA,2,2,3,2,3,2,NA,NA,NA,1
"606",2,2,2,4,3,3,2,4,3,3,2,4,3,3,2,4,2,3,2,4,NA,NA,NA,NA,NA,NA,NA,NA,NA,NA,NA,NA,NA,NA,NA,NA,NA,NA,NA,NA,NA,NA,NA,2,3,2,1,2,2,NA,NA,NA,1
"607",NA,NA,NA,NA,NA,NA,NA,NA,NA,NA,NA,NA,NA,NA,NA,NA,NA,NA,NA,NA,5,5,2,6,6,6,2,6,6,6,2,6,6,6,2,6,6,6,2,6,3,6,3,NA,NA,NA,NA,NA,NA,2,2,4,0
"608",7,4,2,7,7,7,4,7,7,7,4,7,7,7,4,7,7,7,4,7,NA,NA,NA,NA,NA,NA,NA,NA,NA,NA,NA,NA,NA,NA,NA,NA,NA,NA,NA,NA,NA,NA,NA,1,2,1,2,1,1,NA,NA,NA,1
"609",2,6,2,4,4,5,4,5,3,6,2,4,4,6,2,4,4,5,2,4,NA,NA,NA,NA,NA,NA,NA,NA,NA,NA,NA,NA,NA,NA,NA,NA,NA,NA,NA,NA,NA,NA,NA,2,1,1,2,3,1,NA,NA,NA,1
"610",2,3,1,3,7,3,5,3,2,3,1,3,2,3,1,3,2,3,1,3,NA,NA,NA,NA,NA,NA,NA,NA,NA,NA,NA,NA,NA,NA,NA,NA,NA,NA,NA,NA,NA,NA,NA,3,5,6,4,4,1,NA,NA,NA,1
"611",NA,NA,NA,NA,NA,NA,NA,NA,NA,NA,NA,NA,NA,NA,NA,NA,NA,NA,NA,NA,5,3,4,3,6,5,4,6,1,1,2,3,2,2,2,2,2,2,2,3,3,4,5,NA,NA,NA,NA,NA,NA,2,2,2,0
"612",NA,NA,NA,NA,NA,NA,NA,NA,NA,NA,NA,NA,NA,NA,NA,NA,NA,NA,NA,NA,5,5,6,5,5,5,4,5,4,5,5,5,4,4,5,4,5,5,4,5,4,3,4,NA,NA,NA,NA,NA,NA,4,5,3,0
"613",5,3,4,5,5,3,4,5,5,3,4,5,5,5,4,5,5,3,4,5,NA,NA,NA,NA,NA,NA,NA,NA,NA,NA,NA,NA,NA,NA,NA,NA,NA,NA,NA,NA,NA,NA,NA,6,2,6,2,3,2,NA,NA,NA,1
"614",7,2,3,3,7,2,3,3,7,2,3,3,7,2,3,3,7,2,3,3,NA,NA,NA,NA,NA,NA,NA,NA,NA,NA,NA,NA,NA,NA,NA,NA,NA,NA,NA,NA,NA,NA,NA,1,1,1,1,1,1,NA,NA,NA,1
"615",3,5,2,4,1,5,2,5,4,4,4,5,1,6,2,4,1,5,4,6,NA,NA,NA,NA,NA,NA,NA,NA,NA,NA,NA,NA,NA,NA,NA,NA,NA,NA,NA,NA,NA,NA,NA,3,3,1,3,1,2,NA,NA,NA,1
"616",NA,NA,NA,NA,NA,NA,NA,NA,NA,NA,NA,NA,NA,NA,NA,NA,NA,NA,NA,NA,1,1,1,1,1,1,1,1,1,1,1,1,1,1,1,1,1,1,1,1,1,4,1,NA,NA,NA,NA,NA,NA,3,2,4,0
"617",NA,NA,NA,NA,NA,NA,NA,NA,NA,NA,NA,NA,NA,NA,NA,NA,NA,NA,NA,NA,1,2,2,3,1,1,2,4,1,1,1,3,1,1,1,3,1,1,1,3,5,5,5,NA,NA,NA,NA,NA,NA,2,2,2,0
"618",1,1,1,1,1,1,1,1,1,1,1,1,2,1,2,1,2,1,1,1,NA,NA,NA,NA,NA,NA,NA,NA,NA,NA,NA,NA,NA,NA,NA,NA,NA,NA,NA,NA,NA,NA,NA,2,2,2,2,1,2,NA,NA,NA,1
"619",5,5,2,5,3,3,4,5,3,2,2,5,5,5,4,5,5,5,2,5,NA,NA,NA,NA,NA,NA,NA,NA,NA,NA,NA,NA,NA,NA,NA,NA,NA,NA,NA,NA,NA,NA,NA,3,5,5,5,5,2,NA,NA,NA,1
"620",NA,NA,NA,NA,NA,NA,NA,NA,NA,NA,NA,NA,NA,NA,NA,NA,NA,NA,NA,NA,1,1,1,3,1,1,2,4,1,1,2,3,2,1,2,3,1,1,1,3,3,2,3,NA,NA,NA,NA,NA,NA,2,1,3,0
"621",NA,NA,NA,NA,NA,NA,NA,NA,NA,NA,NA,NA,NA,NA,NA,NA,NA,NA,NA,NA,2,3,4,4,3,2,2,3,2,2,3,4,2,1,1,2,2,2,3,4,2,2,2,NA,NA,NA,NA,NA,NA,2,2,2,0
"622",6,2,7,1,5,2,5,2,6,2,7,1,5,2,6,2,6,3,6,2,NA,NA,NA,NA,NA,NA,NA,NA,NA,NA,NA,NA,NA,NA,NA,NA,NA,NA,NA,NA,NA,NA,NA,7,6,6,6,3,6,NA,NA,NA,1
"623",NA,NA,NA,NA,NA,NA,NA,NA,NA,NA,NA,NA,NA,NA,NA,NA,NA,NA,NA,NA,3,4,5,5,3,4,5,4,3,4,5,4,2,5,5,4,3,5,4,5,4,4,5,NA,NA,NA,NA,NA,NA,4,3,3,0
"624",NA,NA,NA,NA,NA,NA,NA,NA,NA,NA,NA,NA,NA,NA,NA,NA,NA,NA,NA,NA,3,3,3,3,2,3,3,2,2,3,3,3,2,3,3,3,2,3,3,2,4,4,4,NA,NA,NA,NA,NA,NA,2,3,2,0
"625",NA,NA,NA,NA,NA,NA,NA,NA,NA,NA,NA,NA,NA,NA,NA,NA,NA,NA,NA,NA,2,2,2,3,2,2,2,3,2,2,2,3,2,2,2,3,2,2,2,3,2,2,3,NA,NA,NA,NA,NA,NA,1,1,2,0
"626",NA,NA,NA,NA,NA,NA,NA,NA,NA,NA,NA,NA,NA,NA,NA,NA,NA,NA,NA,NA,3,1,1,3,1,1,1,1,1,1,1,1,2,3,2,2,1,1,1,1,2,2,3,NA,NA,NA,NA,NA,NA,2,2,2,0
"627",1,1,1,1,2,2,2,2,1,1,1,1,1,1,1,2,2,2,2,3,NA,NA,NA,NA,NA,NA,NA,NA,NA,NA,NA,NA,NA,NA,NA,NA,NA,NA,NA,NA,NA,NA,NA,2,3,4,7,2,2,NA,NA,NA,1
"628",NA,NA,NA,NA,NA,NA,NA,NA,NA,NA,NA,NA,NA,NA,NA,NA,NA,NA,NA,NA,2,2,3,5,2,2,2,5,2,2,2,5,2,2,2,4,2,2,2,5,2,4,2,NA,NA,NA,NA,NA,NA,1,2,5,0
"629",NA,NA,NA,NA,NA,NA,NA,NA,NA,NA,NA,NA,NA,NA,NA,NA,NA,NA,NA,NA,2,2,3,3,1,1,1,2,1,1,1,1,2,2,2,2,1,1,1,1,3,3,4,NA,NA,NA,NA,NA,NA,1,2,2,0
"630",1,3,1,1,1,5,1,2,1,3,1,1,1,4,1,1,1,2,1,1,NA,NA,NA,NA,NA,NA,NA,NA,NA,NA,NA,NA,NA,NA,NA,NA,NA,NA,NA,NA,NA,NA,NA,1,1,1,1,1,1,NA,NA,NA,1
"631",7,4,4,5,7,7,5,7,7,6,4,4,7,7,5,6,7,5,3,5,NA,NA,NA,NA,NA,NA,NA,NA,NA,NA,NA,NA,NA,NA,NA,NA,NA,NA,NA,NA,NA,NA,NA,5,2,5,1,1,1,NA,NA,NA,1
"632",NA,NA,NA,NA,NA,NA,NA,NA,NA,NA,NA,NA,NA,NA,NA,NA,NA,NA,NA,NA,2,2,1,4,2,2,3,4,2,2,4,4,2,2,1,4,2,2,1,4,3,4,3,NA,NA,NA,NA,NA,NA,1,2,1,0
"633",4,4,4,4,4,4,4,4,4,4,4,4,4,4,4,4,4,4,4,4,NA,NA,NA,NA,NA,NA,NA,NA,NA,NA,NA,NA,NA,NA,NA,NA,NA,NA,NA,NA,NA,NA,NA,4,4,4,4,4,4,NA,NA,NA,1
"634",NA,NA,NA,NA,NA,NA,NA,NA,NA,NA,NA,NA,NA,NA,NA,NA,NA,NA,NA,NA,5,2,6,1,6,2,7,3,5,1,5,2,5,1,5,2,5,1,4,2,7,5,4,NA,NA,NA,NA,NA,NA,6,3,6,0
"635",3,3,2,3,1,1,3,3,4,5,3,5,1,3,2,3,3,3,3,3,NA,NA,NA,NA,NA,NA,NA,NA,NA,NA,NA,NA,NA,NA,NA,NA,NA,NA,NA,NA,NA,NA,NA,2,3,3,2,3,1,NA,NA,NA,1
"636",NA,NA,NA,NA,NA,NA,NA,NA,NA,NA,NA,NA,NA,NA,NA,NA,NA,NA,NA,NA,5,4,3,3,1,1,1,3,1,2,1,1,2,2,1,2,1,1,1,3,2,4,3,NA,NA,NA,NA,NA,NA,1,1,3,0
"637",NA,NA,NA,NA,NA,NA,NA,NA,NA,NA,NA,NA,NA,NA,NA,NA,NA,NA,NA,NA,5,2,5,3,1,1,2,2,1,1,1,2,1,2,3,2,1,1,2,2,1,1,1,NA,NA,NA,NA,NA,NA,1,1,1,0
"638",NA,NA,NA,NA,NA,NA,NA,NA,NA,NA,NA,NA,NA,NA,NA,NA,NA,NA,NA,NA,2,2,2,3,1,1,1,1,1,1,1,2,1,1,1,1,1,1,2,3,1,2,1,NA,NA,NA,NA,NA,NA,1,2,1,0
"639",6,3,4,6,6,3,4,6,6,3,4,6,6,3,4,6,6,3,4,6,NA,NA,NA,NA,NA,NA,NA,NA,NA,NA,NA,NA,NA,NA,NA,NA,NA,NA,NA,NA,NA,NA,NA,3,2,5,2,2,2,NA,NA,NA,1
"640",1,5,1,3,7,7,4,4,2,6,3,2,1,5,1,3,1,5,1,3,NA,NA,NA,NA,NA,NA,NA,NA,NA,NA,NA,NA,NA,NA,NA,NA,NA,NA,NA,NA,NA,NA,NA,2,2,2,2,3,1,NA,NA,NA,1
"641",5,1,4,4,5,1,4,4,4,1,4,4,5,1,4,4,5,1,3,4,NA,NA,NA,NA,NA,NA,NA,NA,NA,NA,NA,NA,NA,NA,NA,NA,NA,NA,NA,NA,NA,NA,NA,4,2,5,5,3,4,NA,NA,NA,1
"642",5,2,4,5,5,4,5,4,5,2,5,4,5,2,5,4,5,2,5,4,NA,NA,NA,NA,NA,NA,NA,NA,NA,NA,NA,NA,NA,NA,NA,NA,NA,NA,NA,NA,NA,NA,NA,6,5,3,6,3,6,NA,NA,NA,1
"643",NA,NA,NA,NA,NA,NA,NA,NA,NA,NA,NA,NA,NA,NA,NA,NA,NA,NA,NA,NA,4,2,2,3,4,2,3,4,4,1,5,6,4,2,6,6,4,1,2,3,2,4,3,NA,NA,NA,NA,NA,NA,1,2,1,0
"644",2,2,2,5,6,6,2,6,3,3,2,5,3,3,3,5,2,2,2,5,NA,NA,NA,NA,NA,NA,NA,NA,NA,NA,NA,NA,NA,NA,NA,NA,NA,NA,NA,NA,NA,NA,NA,3,2,3,2,3,2,NA,NA,NA,1
"645",NA,NA,NA,NA,NA,NA,NA,NA,NA,NA,NA,NA,NA,NA,NA,NA,NA,NA,NA,NA,4,2,2,6,3,2,4,6,6,2,4,6,3,2,4,6,3,2,4,6,3,2,3,NA,NA,NA,NA,NA,NA,2,3,2,0
"646",NA,NA,NA,NA,NA,NA,NA,NA,NA,NA,NA,NA,NA,NA,NA,NA,NA,NA,NA,NA,1,2,4,4,1,1,1,1,1,2,1,4,1,2,1,2,1,2,1,2,4,6,4,NA,NA,NA,NA,NA,NA,1,4,1,0
"647",NA,NA,NA,NA,NA,NA,NA,NA,NA,NA,NA,NA,NA,NA,NA,NA,NA,NA,NA,NA,NA,NA,NA,NA,NA,NA,NA,NA,NA,NA,NA,NA,NA,NA,NA,NA,NA,NA,NA,NA,NA,NA,NA,NA,NA,NA,NA,NA,NA,NA,NA,NA,1
"648",NA,NA,NA,NA,NA,NA,NA,NA,NA,NA,NA,NA,NA,NA,NA,NA,NA,NA,NA,NA,NA,NA,NA,NA,NA,NA,NA,NA,NA,NA,NA,NA,NA,NA,NA,NA,NA,NA,NA,NA,NA,NA,NA,NA,NA,NA,NA,NA,NA,NA,NA,NA,1
